tree
version=v4
num_class=1
num_tree_per_iteration=1
label_index=0
max_feature_idx=21
objective=binary sigmoid:1
feature_names=file_size num_sections num_imports num_import_dlls num_exports num_resources has_digital_signature entropy_overall ep_section_entropy ep_section_writable ep_section_executable sum_section_entropy max_section_entropy min_section_entropy num_writable_exec_sections zero_section_name_cnt size_of_code entrypoint_offset_ratio num_debug_entries has_tls num_rich_entries overlay_size_ratio
feature_infos=[4608:7014912] [1:12] [0:1890] [0:80] [0:3712] [0:14] [0:1] none [0:7.9978999999999996] [0:1] [0:1] [3.1198999999999999:50.600000000000001] [2.0842999999999998:7.9978999999999996] [0:7.5096999999999996] [0:2] none [0:3162624] [0:2.2738999999999998] [0:4] [0:1] none [0:0.97950000000000004]
tree_sizes=1380 1504 1506 1502 1499 1511 1600 1920 1398 1602 1494 1509 1401 1808 1296 1711 1394 1500 1401 1284 1491 1612 1607 1511 1601 1705 1608 1585 1714 1696 1584 1930 1710 1809 1605 1614 1811 2229 1814 1779 1792 1807 1609 2024 2018 1881 1699 1722 2198 1918 2101 1689 1908 1786 1900 1685 1807 1925 1930 2138 2113 2032 1511 1627 1891 1885 1621 2029 1708 2015 1831 2126 2031 2362 2228 1715 1679 1910 1705 1717 1778 1608 1812 2068 1734 1734 1734 1895 1886 1622 1677 1911 1520 1501 2098 1591 1808 1822 1913 1882 1829 1606 2086 1790 1803 1695 2135 1663 1780 1978 1565 1574 1721 1393 2329 2119 1834 2026 1782 2294 2022 2331 2133 2308 2229 1727 2398 1466 2346 1339 2095 1569 2207 2324 1815 2111 1717 2595 2105 2391 2036 2393 2121 1612 1969

Tree=0
num_leaves=12
num_cat=0
split_feature=12 18 0 17 17 2 21 8 0 17 13
split_gain=1167.14 189.696 63.4143 58.4945 37.1854 50.4906 31.1537 15.588 11.0089 6.23744 5.5528
threshold=6.5663000000000009 1.5000000000000002 633524.00000000012 0.040850000000000004 0.013650000000000001 105.50000000000001 0.016650000000000002 6.5086000000000004 164944.00000000003 0.93110000000000015 4.0204500000000012
decision_type=2 2 2 2 2 2 2 2 2 2 2
left_child=3 2 6 4 -1 8 -2 9 -6 10 -5
right_child=1 -3 -4 7 5 -7 -8 -9 -10 -11 -12
leaf_value=-0.23907161271107319 -0.051960640338571479 -0.2438176656881359 -0.21747604394307829 -0.24700515457527114 -0.15257944517051877 -0.23903369370793759 -0.16080557819260258 -0.16627170386192686 -0.068715349271003937 -0.18584639835459943 -0.18446139338692433
leaf_weight=12.96205650269985 207.53475502133369 14.161935165524481 5.550802767276763 172.76694282889366 5.889973580837256 7.7021050900220862 6.6353385895490637 7.1322485953569403 12.379419192671774 5.9688431769609442 4.9326268136501303
leaf_count=52 715 57 22 694 22 31 25 27 43 23 19
internal_value=-0.149668 -0.0712148 -0.0597268 -0.229545 -0.173063 -0.138503 -0.0553555 -0.240903 -0.0938322 -0.243711 -0.245457
internal_weight=463.617 233.883 219.721 229.734 38.9336 25.9715 214.17 190.801 18.2694 183.668 177.7
internal_count=1730 819 762 911 148 96 740 763 65 736 713
is_linear=0
shrinkage=1


Tree=1
num_leaves=13
num_cat=0
split_feature=12 21 0 17 0 17 11 8 21 21 17 13
split_gain=1054.38 104.193 75.7776 53.5567 39.112 34.0306 48.8206 14.3128 13.0505 10.3319 5.70092 5.06736
threshold=6.5663000000000009 0.011400000000000002 758272.00000000012 0.040850000000000004 93924.000000000015 0.013650000000000001 25.610150000000004 6.5086000000000004 0.10080000000000001 0.0073000000000000009 0.93110000000000015 4.0204500000000012
decision_type=2 2 2 2 2 2 2 2 2 2 2 2
left_child=3 2 4 5 -2 -1 9 10 -3 -7 11 -5
right_child=1 8 -4 7 -6 6 -8 -9 -10 -11 -12 -13
leaf_value=-0.078334639057710709 -0.031726917869721483 -0.075847608519009332 -0.07602080245279054 -0.085791683689727144 0.098693208219345463 0.017044256248521978 -0.079163156861753417 -0.0083440298739097737 0.017617830002412762 0.094867981160213138 -0.02714179147895995 -0.025842643203043927
leaf_weight=12.858057036995886 5.4139805138111106 9.6748268604278547 5.9206586480140677 171.21643140912056 208.7331300675869 8.1548777818679863 7.8942233920097342 7.1272258013486853 5.1355201154947272 9.9251867532730085 5.9543971270322791 4.921317756175994
leaf_count=52 21 39 24 694 716 30 32 27 19 34 23 19
internal_value=0.00745061 0.0816441 0.0902874 -0.0689648 0.0952406 -0.0148666 0.0181059 -0.0799042 -0.0440576 0.0627612 -0.082617 -0.0843003
internal_weight=462.93 234.878 220.068 228.052 214.147 38.8323 25.9743 189.219 14.8103 18.0801 182.092 176.138
internal_count=1730 819 761 911 737 148 96 763 58 64 736 713
is_linear=0
shrinkage=0.05


Tree=2
num_leaves=13
num_cat=0
split_feature=12 18 0 17 17 11 21 12 12 18 13 3
split_gain=956.467 158.989 52.1193 49.2763 31.2559 44.7096 24.8227 9.69538 8.80311 19.276 5.01189 2.55459
threshold=6.5663000000000009 1.5000000000000002 633524.00000000012 0.040850000000000004 0.013650000000000001 25.610150000000004 0.016650000000000002 6.3021000000000011 6.3675000000000006 1.0000000180025095e-35 3.8244000000000002 7.5000000000000009
decision_type=2 2 2 2 2 2 2 2 2 2 2 2
left_child=3 2 6 4 -1 7 11 -6 10 -10 -5 -2
right_child=1 -3 -4 8 5 -7 -8 -9 9 -11 -12 -13
leaf_value=-0.075473307427699962 0.096257472692063667 -0.081544443666250563 -0.055733893867175616 -0.082825661049081387 0.082109122134179216 -0.076377735550314671 -0.0023420903431650981 0.0015927504190490047 0.011711152617501802 -0.077820480629440941 -0.023631792594271589 0.051909423732701888
leaf_weight=12.719596907496451 201.0682218670845 13.956808701157568 5.4797094762325278 157.9588515907526 12.740812197327619 7.8115235716104499 6.6202119290828696 5.3675367981195441 9.0528059899806994 15.184492960572241 4.8885612934827796 7.6404322981834403
leaf_count=52 688 57 22 648 44 32 25 20 34 62 19 27
internal_value=0.00707188 0.0775791 0.0879818 -0.0662561 -0.0142555 0.0172877 0.0919029 0.0598371 -0.0768366 -0.0450427 -0.0812343 0.0949131
internal_weight=460.49 234.765 220.809 225.724 38.6395 25.9199 215.329 18.1083 187.085 24.2373 162.847 208.709
internal_count=1730 819 762 911 148 96 740 64 763 96 667 715
is_linear=0
shrinkage=0.05


Tree=3
num_leaves=13
num_cat=0
split_feature=12 18 0 17 17 11 21 8 21 17 8 3
split_gain=871.319 144.737 47.5543 45.4286 28.7491 41.0085 22.6338 12.4621 9.03226 5.28195 5.09133 2.26858
threshold=6.5663000000000009 1.5000000000000002 633524.00000000012 0.040850000000000004 0.013650000000000001 25.610150000000004 0.016650000000000002 6.5086000000000004 0.0073000000000000009 0.93110000000000015 5.190500000000001 7.5000000000000009
decision_type=2 2 2 2 2 2 2 2 2 2 2 2
left_child=3 2 6 4 -1 8 11 9 -6 10 -5 -2
right_child=1 -3 -4 7 5 -7 -8 -9 -10 -11 -12 -13
leaf_value=-0.072887204450337292 0.0918901836423857 -0.078717227745355042 -0.053760986782971615 -0.029493994419226784 0.014581655043050071 -0.073862992955311707 -0.0022407715700246251 -0.0072825244584569021 0.087110692178729202 -0.023649614987375788 -0.08018056115386879 0.049678226981848844
leaf_weight=12.55203230679035 200.16049218177795 13.775604292750357 5.4345955252647391 7.0003396123647681 8.1652556955814415 7.7101785987615576 6.6188232451677314 7.1085906475782386 9.9289025664329511 5.8932930380105963 164.50366720557213 7.6295595318078986
leaf_count=52 688 57 22 28 30 32 25 27 34 23 685 27
internal_value=0.00674039 0.0740659 0.0839752 -0.063828 -0.0137325 0.0165014 0.087723 -0.0740851 0.0571206 -0.0766781 -0.0783236 0.0906096
internal_weight=456.481 233.619 219.843 222.862 38.3564 25.8043 214.409 184.506 18.0942 177.397 171.504 207.79
internal_count=1730 819 762 911 148 96 740 763 64 736 713 715
is_linear=0
shrinkage=0.05


Tree=4
num_leaves=13
num_cat=0
split_feature=12 18 0 17 17 11 8 8 11 17 8 3
split_gain=796.267 132.285 43.5857 42.0292 26.5259 37.7292 11.6574 8.48931 5.04699 4.95696 4.77695 4.48175
threshold=6.5663000000000009 1.5000000000000002 633524.00000000012 0.040850000000000004 0.013650000000000001 25.610150000000004 6.5086000000000004 6.3061000000000007 14.831250000000002 0.93110000000000015 5.190500000000001 7.5000000000000009
decision_type=2 2 2 2 2 2 2 2 2 2 2 2
left_child=3 2 8 4 -1 7 9 -6 -2 10 -5 -10
right_child=1 -3 -4 6 5 -7 -8 -9 11 -11 -12 -13
leaf_value=-0.070535863535732782 0.028297036236996947 -0.076178916590449466 -0.051911448277469324 -0.028346182221062662 0.075617853824593351 -0.071580133589251929 -0.0069677270985584574 0.00041054111835602019 0.086991729350216082 -0.022705041561640053 -0.077586368798498936 0.039910571498706443
leaf_weight=12.360107049345968 5.484839752316474 13.561571612954138 5.3837271332740775 6.961113601922988 12.673387765884405 7.5931046158075324 7.1035779863595954 5.3716638535261145 199.07820007205009 5.8736476749181739 161.61011178791523 8.1068732291460019
leaf_count=52 20 57 22 28 44 32 27 20 691 23 685 29
internal_value=0.00644906 0.0709818 0.080463 -0.0616215 -0.0132286 0.0158221 -0.0715948 0.0546897 0.0840648 -0.0741433 -0.0757616 0.0853741
internal_weight=451.162 231.615 218.054 219.547 37.9983 25.6382 181.548 18.0451 212.67 174.445 168.571 207.185
internal_count=1730 819 762 911 148 96 763 64 740 736 713 720
is_linear=0
shrinkage=0.05


Tree=5
num_leaves=13
num_cat=0
split_feature=12 18 17 16 17 2 21 8 19 17 13 3
split_gain=729.722 121.277 38.9343 36.0636 24.4974 36.0319 19.2509 10.9575 5.00531 4.68465 4.65971 3.86705
threshold=6.5663000000000009 1.5000000000000002 0.040850000000000004 316672.00000000006 0.013650000000000001 81.500000000000014 0.016650000000000002 6.5086000000000004 1.0000000180025095e-35 0.93110000000000015 4.0204500000000012 7.5000000000000009
decision_type=2 2 2 2 2 2 2 2 2 2 2 2
left_child=2 3 4 6 -1 -6 11 9 -7 10 -4 -2
right_child=1 -3 7 -5 5 8 -8 -9 -10 -11 -12 -13
leaf_value=-0.068386118570950435 0.084925394890970632 -0.07388706533950333 -0.074930751589809996 -0.040607949125340916 0.069290360210501598 -0.003102637521116339 -0.00045223705238432125 -0.0066665243760316295 -0.069224787076312799 -0.021801007716762008 -0.018603333391292363 0.037168355399361364
leaf_weight=12.148016691207884 196.10049889981747 13.320216894149778 160.52995990216732 5.6818103939294806 13.406584411859514 4.7890324592590314 6.930510699748992 7.098610743880271 7.2302733212709427 5.8533436357974997 4.7924220114946356 6.9540941417217246
leaf_count=52 688 57 694 23 47 18 26 27 31 23 19 25
internal_value=0.00618649 0.0682276 -0.0596192 0.0773286 -0.0127963 0.015157 0.0807208 -0.0693335 -0.0455247 -0.0718494 -0.0734496 0.0835045
internal_weight=444.835 228.987 215.848 215.667 37.5739 25.4259 209.985 178.274 12.0193 171.176 165.322 203.055
internal_count=1730 819 911 762 148 96 739 763 49 736 713 713
is_linear=0
shrinkage=0.05


Tree=6
num_leaves=14
num_cat=0
split_feature=0 18 19 8 11 2 13 16 11 2 8 1 2
split_gain=405.806 286.536 108.075 77.5098 16.6721 24.0731 16.4415 10.9978 8.3653 12.7986 7.01166 6.21298 0.0723466
threshold=93924.000000000015 1.0000000180025095e-35 1.0000000180025095e-35 6.5353000000000003 16.748600000000003 58.500000000000007 3.8765000000000005 23296.000000000004 27.403900000000004 83.500000000000014 7.4622500000000009 3.5000000000000004 42.500000000000007
decision_type=2 2 2 2 2 2 2 2 2 2 2 2 2
left_child=6 2 4 7 5 11 -1 -3 -6 -10 -5 -2 -9
right_child=1 3 -4 10 8 -7 -8 12 9 -11 -12 -13 -14
leaf_value=-0.073478204802956151 0.013722421048460373 -0.0057767374431050948 -0.0703980526973879 0.0048235391187154203 0.082141354919243958 -0.053810107725538972 0.018010884847324708 -0.052136460330668481 0.07265537503384277 -0.025095842955646014 0.072663506097277841 0.075712696932798917 -0.076331607433790166
leaf_weight=120.18844200670719 6.4715772718191209 7.2525939792394629 12.974722266197203 5.9953703284263637 176.6007297039032 5.2479284554719916 4.6595746278762809 12.113233804702757 7.3028436899185163 4.8435898572206497 11.197942346334456 14.393222510814665 48.34238637983799
leaf_count=529 25 29 56 23 629 21 18 51 26 20 40 51 212
internal_value=0.00594535 0.0363691 0.0655187 -0.0416482 0.0740376 0.0343672 -0.0699079 -0.0656069 0.0792895 0.0343512 0.0508477 0.058221 -0.0724923
internal_weight=437.584 312.736 227.835 84.9015 214.86 26.1127 124.848 67.7082 188.747 12.1464 17.1933 20.8648 60.4556
internal_count=1730 1183 828 355 772 97 547 292 675 46 63 76 263
is_linear=0
shrinkage=0.05


Tree=7
num_leaves=17
num_cat=0
split_feature=12 0 17 0 17 2 8 6 12 1 17 8 12 11 0 2
split_gain=621.497 55.3682 33.1563 32.6557 21.653 30.3904 9.77484 5.26452 15.1031 4.42987 4.20538 4.71889 3.71138 1.13905 0.397454 0.183052
threshold=6.5663000000000009 514016.00000000006 0.040850000000000004 93924.000000000015 0.013650000000000001 81.500000000000014 6.5086000000000004 1.0000000180025095e-35 6.9949000000000003 6.5000000000000009 0.93110000000000015 5.190500000000001 7.1997000000000009 23.884200000000003 152292.00000000003 6.5000000000000009
decision_type=2 2 2 2 2 2 2 2 2 2 2 2 2 2 2 2
left_child=2 3 4 -2 -1 -6 10 14 -9 -7 11 -4 -3 15 -5 -10
right_child=1 12 6 7 5 9 -8 8 13 -11 -12 -13 -14 -15 -16 -17
leaf_value=-0.065570934562980285 -0.037116739043008808 -0.066480616190488673 -0.022862140186924521 0.043209154239989667 0.063901633610575645 -0.002756383668816983 -0.0062041869490280822 -0.022176843903491578 0.040946778632778388 -0.065496337508008387 -0.020355519987612092 -0.071394235771213288 -0.0070985813438740114 0.038688559832129259 0.078526828905643067 0.07508227081716573
leaf_weight=11.804394513368605 6.3332804739475241 5.9299275279045087 6.7124383747577658 5.4741774201393119 13.194654285907747 4.7646075040101987 7.0755276232957831 5.1164370775222769 5.4010364562273052 6.9429811537265778 5.8054106831550589 151.53729544579983 5.0040218085050583 8.7141469120979291 155.38496340811253 24.860856905579567
leaf_count=52 26 26 28 20 47 18 27 21 20 31 23 685 20 33 563 90
internal_value=0.00574108 0.0637429 -0.0562586 0.0694442 -0.0125617 0.0139345 -0.0654749 0.0729256 0.0543101 -0.0425829 -0.0679478 -0.0695235 -0.0425949 0.0647793 0.0776302 0.0706545
internal_weight=430.056 222.219 207.837 211.285 36.7066 24.9022 171.131 204.952 44.0925 11.7076 164.055 158.25 10.9339 38.976 160.859 30.2619
internal_count=1730 819 911 773 148 96 763 747 164 49 736 713 46 143 583 110
is_linear=0
shrinkage=0.05


Tree=8
num_leaves=12
num_cat=0
split_feature=12 18 17 3 17 2 2 8 13 2 1
split_gain=572.943 100.192 30.8934 23.5968 20.0601 28.0058 14.5073 9.29068 4.19465 4.68496 4.18785
threshold=6.5663000000000009 1.5000000000000002 0.040850000000000004 9.5000000000000018 0.013650000000000001 81.500000000000014 5.5000000000000009 6.5086000000000004 4.0204500000000012 411.50000000000006 6.5000000000000009
decision_type=2 2 2 2 2 2 2 2 2 2 2
left_child=2 3 4 6 -1 -6 -2 8 9 -4 -7
right_child=1 -3 7 -5 5 10 -8 -9 -10 -11 -12
leaf_value=-0.063808854401874879 -0.0038051759609446147 -0.070098988351648517 -0.069187425839178834 -0.013118717842425721 0.061513211583725469 -0.0026424039788698738 0.075800891769546574 -0.0059359820084222319 -0.014391611691448359 -0.014619638969067154 -0.063882465655371368
leaf_weight=11.557731822133062 5.6786546856164923 12.757097303867338 150.60858185589314 7.7975294440984717 13.06374613940716 4.7647471129894239 192.28233040869236 7.0707616657018653 4.6716209948062888 4.9054474532604209 6.7915660589933395
leaf_count=52 22 57 696 31 47 18 709 27 19 21 31
internal_value=0.00554758 0.0616393 -0.0546848 0.0701308 -0.012216 0.0133539 0.0734846 -0.0637139 -0.0661806 -0.0676025 -0.0412523
internal_weight=421.95 218.516 203.434 205.759 36.1778 24.6201 197.961 167.256 160.186 155.514 11.5563
internal_count=1730 819 911 762 148 96 731 763 736 717 49
is_linear=0
shrinkage=0.05


Tree=9
num_leaves=14
num_cat=0
split_feature=12 18 0 17 17 2 12 18 13 11 1 0 2
split_gain=529.039 92.68 31.6567 28.8122 18.6086 25.8438 7.36616 15.3361 4.98545 4.16404 3.9671 3.65451 0.0050877
threshold=6.5663000000000009 1.5000000000000002 633524.00000000012 0.040850000000000004 0.013650000000000001 81.500000000000014 6.3675000000000006 1.0000000180025095e-35 3.8765000000000005 16.257150000000003 6.5000000000000009 109916.00000000001 35.500000000000007
decision_type=2 2 2 2 2 2 2 2 2 2 2 2 2
left_child=3 2 9 4 -1 12 8 -8 -5 -2 -7 -11 -6
right_child=1 -3 -4 6 5 10 7 -9 -10 11 -12 -13 -14
leaf_value=-0.062170889059882987 0.03117276639102395 -0.068351216725163574 -0.046693183766731872 -0.068100279288596341 0.069665202700002496 -0.0025331498070303442 0.017351017003797702 -0.064514520086503435 -0.0099526724969741173 0.029634310105839064 -0.062383299516994888 0.07436176107525469 0.037424768444390244
leaf_weight=11.301968112587927 8.7613192945718747 12.462181597948073 5.1581680774688712 136.71960455179214 7.1249752938747424 4.7648646682500821 8.7807245105505007 13.40606279671192 4.3787969797849646 6.9014883786439887 6.6350428014993668 180.93655510246754 5.7901942580938339
leaf_count=52 33 57 22 649 26 18 34 62 18 26 31 681 21
internal_value=0.00535426 0.0597523 0.0679877 -0.0532138 -0.0118955 0.0128085 -0.0620687 -0.0325485 -0.0664137 0.071243 -0.0399924 0.0729105 0.0592986
internal_weight=413.122 214.22 201.758 198.902 35.617 24.3151 163.285 22.1868 141.098 196.599 11.3999 187.838 12.9152
internal_count=1730 819 762 911 148 96 763 96 667 740 49 707 47
is_linear=0
shrinkage=0.05


Tree=10
num_leaves=13
num_cat=0
split_feature=0 18 19 8 13 3 16 5 8 8 8 3
split_gain=298.42 217.71 83.1429 57.8745 16.2193 15.4658 8.51013 8.02983 10.1696 37.1996 5.66698 2.95644
threshold=93924.000000000015 1.0000000180025095e-35 1.0000000180025095e-35 6.5353000000000003 4.3750500000000008 1.5000000000000002 23296.000000000004 1.5000000000000002 6.5086000000000004 5.9646000000000008 7.4622500000000009 7.5000000000000009
decision_type=2 2 2 2 2 2 2 2 2 2 2 2
left_child=4 2 5 6 -1 -2 -3 8 9 -7 -5 -9
right_child=1 3 -4 10 -6 7 -8 11 -10 -11 -12 -13
leaf_value=-0.067033537646290373 -0.017238114909430464 -0.0062542880569950226 -0.06533088595942356 0.0020963232200760041 0.026238007384462497 0.06803908642776911 -0.066832606803816738 0.075425349333531164 0.073171204241945537 -0.058550398570884267 0.064127092076107381 0.030949991447993926
leaf_weight=109.07324305176735 4.9669856727123252 6.9102899134159079 11.992598593235014 5.8077989071607616 4.2872239947319022 14.863326728343965 55.46490590274334 147.14961317181587 18.611006140708923 8.1920018643140775 10.338677570223807 6.1809362620115271
leaf_count=530 21 29 56 23 17 57 263 564 71 35 40 24
internal_value=0.00518539 0.0320405 0.058326 -0.0386911 -0.0632638 0.0660552 -0.0604049 0.0682795 0.046315 0.0222874 0.0435301 0.0738771
internal_weight=403.839 290.478 211.956 78.5217 113.36 199.964 62.3752 194.997 41.6663 23.0553 16.1465 153.331
internal_count=1730 1183 828 355 547 772 292 751 163 92 63 588
is_linear=0
shrinkage=0.05


Tree=11
num_leaves=13
num_cat=0
split_feature=12 18 21 17 17 11 3 21 12 18 13 11
split_gain=455.225 80.9551 25.372 24.9997 16.5395 21.9693 14.193 7.90528 6.91135 13.569 4.74549 1.28185
threshold=6.5663000000000009 1.5000000000000002 0.011400000000000002 0.040850000000000004 0.013650000000000001 25.610150000000004 10.500000000000002 0.0073000000000000009 6.3675000000000006 1.0000000180025095e-35 3.8765000000000005 16.257150000000003
decision_type=2 2 2 2 2 2 2 2 2 2 2 2
left_child=3 2 6 4 -1 7 11 -6 10 -10 -5 -2
right_child=1 -3 -4 8 5 -7 -8 -9 9 -11 -12 -13
leaf_value=-0.059829683273013128 0.038859563909095299 -0.065676735980095907 -0.018118965210669424 -0.065255397574112819 0.0031174419941555559 -0.060040890868718659 -0.0056132279677360321 0.07089913291143872 0.016316403583332532 -0.061449906549720539 -0.0084395824618704856 0.072018492876672377
leaf_weight=10.873760730028151 7.4993267059326163 11.907746478915213 8.4058838784694654 129.23534409701824 7.9077423512935701 6.5222043693065634 6.0054553449153891 9.1560134291648847 8.7526688426733035 12.752494871616362 4.3204671293497077 171.01812788844109
leaf_count=52 29 57 33 649 30 32 24 34 34 62 18 676
internal_value=0.00505274 0.0566045 0.0644774 -0.0506435 -0.0115405 0.0120468 0.0683444 0.0416758 -0.0591719 -0.030258 -0.063531 0.0708776
internal_weight=394.357 204.837 192.929 189.521 34.4597 23.586 184.523 17.0638 155.061 21.5052 133.556 178.517
internal_count=1730 819 762 911 148 96 729 64 763 96 667 705
is_linear=0
shrinkage=0.05


Tree=12
num_leaves=12
num_cat=0
split_feature=12 18 0 0 18 19 21 13 13 17 3
split_gain=422.255 75.2977 26.8344 24.6496 48.6631 24.7069 17.3319 13.6093 5.71969 1.3859 1.18983
threshold=6.5663000000000009 1.5000000000000002 633524.00000000012 141076.00000000003 1.0000000180025095e-35 1.0000000180025095e-35 0.016650000000000002 0.70680000000000009 4.373050000000001 0.026350000000000002 7.5000000000000009
decision_type=2 2 2 2 2 2 2 2 2 2 2
left_child=3 2 6 8 5 7 10 9 -1 -5 -2
right_child=1 -3 -4 4 -6 -7 -8 -9 -10 -11 -12
leaf_value=-0.065348420089024473 0.070067131891224418 -0.06427208776924076 -0.044070745320650015 0.029787841212021909 -0.065501041240550242 -0.060361662778356966 -0.011379059759514663 -0.011862703318160682 -0.0032784670433669352 0.073346982732684904 0.037483257426915058
leaf_weight=113.34374850988388 169.35574373602867 11.58951987326145 4.9983013421297064 4.9552814066410127 34.3302833288908 6.8134486824274054 6.5923399329185477 8.076616704463957 4.1239678412675849 13.087388053536413 7.2872144728898993
leaf_count=583 688 57 22 19 173 34 25 35 18 49 27
internal_value=0.00490276 0.0551584 0.0628389 -0.0494361 -0.0246519 0.0184588 0.0660057 0.0406718 -0.0632576 0.0638389 0.0689696
internal_weight=384.554 199.823 188.234 184.731 67.263 32.9327 183.235 26.1193 117.468 18.0427 176.643
internal_count=1730 819 762 911 310 137 740 103 601 68 715
is_linear=0
shrinkage=0.05


Tree=13
num_leaves=16
num_cat=0
split_feature=0 18 8 1 0 11 13 11 2 16 11 4 0 16 2
split_gain=239.896 176.66 46.9212 23.4591 22.6407 18.1054 14.3981 9.59244 23.8136 7.4921 5.9553 4.95147 2.46889 1.18038 0.174986
threshold=93924.000000000015 1.0000000180025095e-35 6.5353000000000003 8.5000000000000018 536720.00000000012 25.610150000000004 4.3750500000000008 16.748600000000003 58.500000000000007 23296.000000000004 27.403900000000004 1.0000000180025095e-35 222208.00000000003 90368.000000000015 42.500000000000007
decision_type=2 2 2 2 2 2 2 2 2 2 2 2 2 2 2
left_child=6 3 9 4 7 -5 -1 8 13 -3 -9 -4 -7 -2 -11
right_child=1 2 11 5 -6 12 -8 10 -10 14 -12 -13 -14 -15 -16
leaf_value=-0.063234621564347185 0.029051516349154205 -0.005061615288185212 0.0016956087844977258 0.060411664038546281 -0.03730916382241644 -0.060546927353935187 0.02520871837743506 0.069185358385722651 -0.055863703216933652 -0.043592148155027405 0.021770540706600658 0.060431411051280554 -0.0076713138480981741 0.06878189945287333 -0.067031971411732061
leaf_weight=99.823751598596573 5.5753175616264405 6.6119776666164389 5.8567587584257099 5.8703416287899044 5.2057911157608023 6.1628176569938642 4.2310307621955863 145.84443998336792 5.2920790910720816 10.580137342214583 8.460727930068968 9.3501857370138168 4.0049091428518295 10.912403360009192 40.645676046609879
leaf_count=530 23 29 24 24 23 32 17 605 22 51 37 39 19 43 212
internal_value=0.00476592 0.0296011 -0.036435 0.0541311 0.0592339 -0.00334733 -0.0593851 0.0623109 0.028924 -0.0568499 0.0667747 0.039619 -0.0427196 0.0580625 -0.0632139
internal_weight=374.428 270.374 73.0447 197.329 181.291 16.0381 104.055 176.085 21.7798 57.8378 154.305 15.2069 10.1677 16.4877 51.2258
internal_count=1730 1183 355 828 753 75 547 730 88 292 642 63 51 66 263
is_linear=0
shrinkage=0.05


Tree=14
num_leaves=11
num_cat=0
split_feature=12 18 0 0 18 11 21 13 17 3
split_gain=367.545 66.4068 23.5857 21.9382 42.2865 36.2061 16.1407 5.55469 2.67954 1.17526
threshold=6.5663000000000009 1.5000000000000002 633524.00000000012 141076.00000000003 1.0000000180025095e-35 25.610150000000004 0.016650000000000002 4.3742500000000009 0.026350000000000002 7.5000000000000009
decision_type=2 2 2 2 2 2 2 2 2 2
left_child=3 2 6 7 5 8 9 -1 -5 -2
right_child=1 -3 -4 4 -6 -7 -8 -9 -10 -11
leaf_value=-0.063051861957299088 0.067371381124725321 -0.062111964277846037 -0.041389909479891275 0.018151560159697121 -0.06313440210494857 -0.061605299701129428 -0.011481737229967696 -0.00095444886367866916 0.061054228950741557 0.035358414315104544
leaf_weight=106.74961930513382 160.1336132735014 11.006901979446409 4.8496057838201514 6.4768560230731991 32.352482199668884 9.3819016814231855 6.5572386831045142 3.9271745383739463 16.332002326846123 7.1600765138864508
leaf_count=584 688 57 22 26 173 48 25 17 63 27
internal_value=0.00464515 0.0527492 0.0601581 -0.0474116 -0.023593 0.0167013 0.0632399 -0.0609215 0.0503556 0.0662492
internal_weight=364.927 189.707 178.701 175.22 64.5432 32.1908 173.851 110.677 22.8089 167.294
internal_count=1730 819 762 911 310 137 740 601 89 715
is_linear=0
shrinkage=0.05


Tree=15
num_leaves=15
num_cat=0
split_feature=0 18 19 8 13 3 5 2 16 4 0 3 17 2
split_gain=207.787 153.387 61.5483 40.9789 13.1346 12.9739 7.44988 13.6616 6.9354 4.42644 4.20503 2.34137 0.323932 0.217374
threshold=93924.000000000015 1.0000000180025095e-35 1.0000000180025095e-35 6.5353000000000003 4.3750500000000008 1.5000000000000002 1.5000000000000002 117.50000000000001 23296.000000000004 1.0000000180025095e-35 163260.00000000003 7.5000000000000009 0.83750000000000013 42.500000000000007
decision_type=2 2 2 2 2 2 2 2 2 2 2 2 2 2
left_child=4 2 5 8 12 -2 7 10 -3 -5 -7 -8 -1 -10
right_child=1 3 -4 9 -6 6 11 -9 13 -11 -12 -13 -14 -15
leaf_value=-0.061986772423187744 -0.018273863046072075 -0.0043757543250715798 -0.060393672896491224 0.0014192484757339005 0.023614056934529771 0.019305684879048435 0.068246828990941671 -0.027842829880114713 -0.04147362251404739 0.057769942422996746 0.063232434093002179 0.027343030200866987 -0.02784416854677248 -0.064966080970805043
leaf_weight=89.989013642072678 4.8035336732864371 6.4550369530916205 10.721035733819006 5.7623771131038639 4.2282357811927787 9.0795174092054385 128.76691199839115 5.7146941870450965 10.16983503103256 8.8429932147264481 22.497825384140015 5.881234183907508 3.5959371179342261 38.149311020970345
leaf_count=511 21 29 56 24 17 39 564 27 51 39 97 24 19 212
internal_value=0.00452181 0.0281481 0.0515951 -0.0349679 -0.0571242 0.0587179 0.060991 0.0390019 -0.0546714 0.0373735 0.0517359 0.0667118 -0.061036 -0.0610641
internal_weight=354.657 256.844 187.465 69.3796 97.8132 176.744 171.94 37.292 54.7742 14.6054 31.5773 134.648 93.585 48.3191
internal_count=1730 1183 828 355 547 772 751 163 292 63 136 588 530 263
is_linear=0
shrinkage=0.05


Tree=16
num_leaves=12
num_cat=0
split_feature=12 18 19 18 0 11 3 8 3 17 0
split_gain=321.503 58.8644 28.4762 19.5956 37.6929 31.4807 15.9447 11.3216 2.63309 2.49541 0.252487
threshold=6.5663000000000009 1.5000000000000002 1.0000000180025095e-35 1.0000000180025095e-35 141076.00000000003 25.610150000000004 1.5000000000000002 5.8178500000000009 7.5000000000000009 0.026350000000000002 220928.00000000003
decision_type=2 2 2 2 2 2 2 2 2 2 2
left_child=3 2 6 4 7 9 -2 -1 -8 -6 -11
right_child=1 -3 -4 -5 5 -7 8 -9 -10 10 -12
leaf_value=0.010591529721436139 -0.023537822812868217 -0.060215653217174953 -0.057502658647367172 -0.062403994021355082 0.01581023123241538 -0.059708123302313267 0.065574682205390186 -0.062656518466357808 0.028353713341719145 0.065044555175043706 0.032802672904872786
leaf_weight=5.5535266250371924 4.810015842318534 10.423164784908293 4.409841760993003 85.212337464094162 6.3796406686306062 8.9151931107044202 152.10790310800076 43.583141714334488 7.6090277880430213 10.599852070212362 5.3190620094537726
leaf_count=28 20 57 20 494 26 48 692 252 30 43 20
internal_value=0.00441096 0.0506676 0.0578525 -0.0456738 -0.0273209 0.0152558 0.0613033 -0.054232 0.06402 0.0467181 0.0571425
internal_weight=344.923 179.36 168.937 165.563 80.3504 31.2137 164.527 49.1367 159.717 22.2986 15.9189
internal_count=1730 819 762 911 417 137 742 280 722 89 63
is_linear=0
shrinkage=0.05


Tree=17
num_leaves=13
num_cat=0
split_feature=0 21 19 0 6 3 5 2 8 0 5 17
split_gain=180.665 106.222 59.0748 43.188 17.7789 11.0132 6.1273 11.9528 5.10704 2.26091 1.59247 0.355997
threshold=93924.000000000015 0.013750000000000002 1.0000000180025095e-35 536720.00000000012 1.0000000180025095e-35 9.5000000000000018 1.5000000000000002 35.500000000000007 4.6972000000000014 124884.00000000001 3.5000000000000004 0.83750000000000013
decision_type=2 2 2 2 2 2 2 2 2 2 2 2
left_child=8 2 3 5 -3 6 7 -2 -1 -8 -5 -10
right_child=1 4 -4 10 -6 -7 9 -9 11 -11 -12 -13
leaf_value=-0.010807803208491873 0.064325608320559405 0.041028741230114608 -0.062743893140253429 -0.015410825323258 -0.061499968741536709 -0.0094325289976435207 0.026448099016898548 0.01084381461591217 -0.059449688831008964 0.063101529877593945 -0.059805131714604581 -0.025597674543629757
leaf_weight=6.8469133079051963 20.188692823052406 4.0566103160381308 12.008678197860716 4.4841911941766721 33.453121155500412 6.272110939025878 6.9125230461359015 22.103312864899635 81.437288984656334 126.94674341380596 6.5489578247070312 3.4553148448467246
leaf_count=33 92 16 69 22 187 32 33 103 495 594 35 19
internal_value=0.00430275 0.0268848 0.0410269 0.0477836 -0.0495044 0.0536345 0.0559489 0.0373857 -0.0550976 0.061456 -0.0449577 -0.0584441
internal_weight=334.714 242.975 205.465 193.457 37.5097 182.423 176.151 42.292 91.7395 133.859 11.0331 84.8926
internal_count=1730 1183 980 911 203 854 822 195 547 627 57 514
is_linear=0
shrinkage=0.05


Tree=18
num_leaves=12
num_cat=0
split_feature=12 18 18 19 5 21 0 21 5 3 0
split_gain=283.078 52.4763 19.2487 37.1815 20.5282 20.3706 19.0875 13.0614 3.78664 3.1364 0.708171
threshold=6.5786000000000007 1.5000000000000002 1.0000000180025095e-35 1.0000000180025095e-35 1.5000000000000002 0.0033500000000000001 633524.00000000012 0.022800000000000004 3.5000000000000004 4.5000000000000009 237072.00000000003
decision_type=2 2 2 2 2 2 2 2 2 2 2
left_child=2 6 3 4 5 9 7 -2 10 -1 -6
right_child=1 -3 -4 -5 8 -7 -8 -9 -10 -11 -12
leaf_value=-0.064774010650356525 0.062733010789619376 -0.058560375649058527 -0.060462042716890797 -0.061562548809489498 0.081509526496016421 0.039995145915257782 -0.037204269340196217 -0.0093367324154726931 0.014246704254708399 -0.0093125593454089477 0.037395769838828551
leaf_weight=12.598050624132162 146.11917272210121 9.708124637603758 80.863302171230316 36.141479313373566 5.1579432189464587 7.8671719580888739 4.5522363334894171 6.189852073788642 7.0777407884597769 3.8708878606557837 5.5265205204486847
leaf_count=70 705 56 498 226 21 38 22 24 31 17 22
internal_value=0.00418423 0.049612 -0.043357 -0.0250753 0.0068346 -0.0225574 0.0566671 0.0597297 0.0464272 -0.0533038 0.064273
internal_weight=325.672 166.569 159.103 78.2398 42.0983 24.3361 156.861 152.309 17.7622 16.4689 10.6845
internal_count=1730 807 923 425 199 125 751 729 74 87 43
is_linear=0
shrinkage=0.05


Tree=19
num_leaves=11
num_cat=0
split_feature=12 18 0 11 18 0 13 2 0 3
split_gain=263.897 49.1903 18.5721 33.7233 25.765 18.0058 8.52492 4.85274 2.19158 1.21634
threshold=6.5786000000000007 1.5000000000000002 141076.00000000003 23.839200000000002 1.0000000180025095e-35 633524.00000000012 4.3919500000000005 5.5000000000000009 224864.00000000003 7.5000000000000009
decision_type=2 2 2 2 2 2 2 2 2 2
left_child=2 5 6 4 8 7 -1 -2 -4 -9
right_child=1 -3 3 -5 -6 -7 -8 9 -10 -11
leaf_value=-0.058905708344203216 0.0023474709904720333 -0.057604516327486227 0.05478219806520012 -0.060498668493463692 -0.051958825381149668 -0.036138051833326378 0.01745308491328559 0.061383756540357465 0.019251991293181597 0.029649157672265197
leaf_weight=92.144629091024399 3.9908555746078482 9.4001705348491651 13.978171065449716 26.626695573329926 9.3654507994651777 4.4834858477115622 3.2819026112556449 136.86830076575279 9.0858132392168027 6.5788767784833899
leaf_count=591 17 56 59 167 55 22 14 686 37 26
internal_value=0.00408698 0.0486813 -0.042463 -0.0198189 0.0142429 0.0556242 -0.056074 0.058673 0.0423749 0.0601783
internal_weight=315.804 161.322 154.483 59.0561 32.4294 151.922 95.4265 147.438 23.064 143.447
internal_count=1730 807 923 318 151 751 605 729 96 712
is_linear=0
shrinkage=0.05


Tree=20
num_leaves=13
num_cat=0
split_feature=12 21 0 0 11 1 2 21 13 0 2 0
split_gain=246.342 32.1369 22.0837 17.6181 31.7378 19.1293 8.88701 8.34875 8.18812 5.20758 1.09011 0.0343052
threshold=6.5786000000000007 0.011400000000000002 758272.00000000012 141076.00000000003 23.839200000000002 3.5000000000000004 117.50000000000001 0.14685000000000004 4.3919500000000005 95272.500000000015 85.500000000000014 496896.00000000006
decision_type=2 2 2 2 2 2 2 2 2 2 2 2
left_child=3 2 9 8 5 -5 10 -3 -1 -2 -7 -11
right_child=1 7 -4 4 -6 6 -8 -9 -10 11 -12 -13
leaf_value=-0.058068078627869946 0.0042194848335414831 -0.057773106920743014 -0.051359723855814048 -0.051477245710857392 -0.0596906210736802 0.062651412092584638 -0.015812203037463304 0.024213105943964499 0.016727581314062299 0.060039286718033325 0.028583517581790632 0.030520508777886226
leaf_weight=88.896999970078468 4.7730428874492636 7.6979094296693784 4.0192117542028418 7.4926377832889584 25.67545074224472 11.226960822939878 5.8565655350685111 4.0238562226295471 3.2960342466831198 131.76057028770447 7.3254987597465506 3.9807632565498343
leaf_count=591 25 41 23 42 167 49 30 16 14 684 30 18
internal_value=0.00399456 0.0477795 0.0542448 -0.041667 -0.0193567 0.0137809 0.035247 -0.0295448 -0.0551896 0.0576424 0.0516052 0.0594397
internal_weight=306.026 156.255 144.534 149.77 57.5771 31.9017 24.409 11.7218 92.193 140.514 18.5525 135.741
internal_count=1730 807 750 923 318 151 109 57 605 727 79 702
is_linear=0
shrinkage=0.05


Tree=21
num_leaves=14
num_cat=0
split_feature=12 18 18 19 5 21 0 21 5 3 0 12 3
split_gain=229.97 44.6235 17.4694 32.7646 18.1245 16.9996 16.0066 12.3321 3.2821 2.86451 0.7752 0.370752 0.0172349
threshold=6.5786000000000007 1.5000000000000002 1.0000000180025095e-35 1.0000000180025095e-35 1.5000000000000002 0.0033500000000000001 633524.00000000012 0.022800000000000004 3.5000000000000004 4.5000000000000009 237072.00000000003 6.5427500000000007 7.5000000000000009
decision_type=2 2 2 2 2 2 2 2 2 2 2 2 2
left_child=2 6 3 4 5 9 7 12 10 -1 -6 -4 -2
right_child=1 -3 11 -5 8 -7 -8 -9 -10 -11 -12 -13 -14
leaf_value=-0.062258979907314264 0.060807709522250189 -0.056505706075618146 -0.059213963650277757 -0.059491255865667225 0.078606191152456262 0.037391891389807287 -0.034100914122793174 -0.010330620145093564 0.014045588878186617 -0.0082460755315074442 0.034657184736899681 -0.02298789228961276 0.035518577419614922
leaf_weight=11.570633172988893 126.06783099472523 8.9632658958435041 69.904706344008446 32.388576373457909 5.0677589029073733 7.3232390731573096 4.324848771095275 6.1321558505296698 6.8956910669803611 3.7489559948444358 5.3282116204500198 2.8900714516639701 5.9413494616746894
leaf_count=70 681 56 482 226 21 38 22 24 31 17 22 16 24
internal_value=0.00390632 0.0468742 -0.0409101 -0.0229085 0.00736806 -0.0215953 0.0537617 0.0567737 0.0446751 -0.0506627 0.0615377 -0.0581745 0.0599827
internal_weight=296.547 151.429 145.118 72.3231 39.9345 22.6428 142.466 138.141 17.2917 15.3196 10.396 72.7948 132.009
internal_count=1730 807 923 425 199 125 751 729 74 87 43 498 705
is_linear=0
shrinkage=0.05


Tree=22
num_leaves=14
num_cat=0
split_feature=12 18 19 18 19 5 21 3 5 3 3 0 12
split_gain=214.842 41.9289 19.1408 16.8635 31.1193 16.6894 15.8505 13.6443 3.03772 2.76995 1.08266 0.648429 0.389929
threshold=6.5786000000000007 1.5000000000000002 1.0000000180025095e-35 1.0000000180025095e-35 1.0000000180025095e-35 1.5000000000000002 0.0033500000000000001 1.5000000000000002 3.5000000000000004 4.5000000000000009 7.5000000000000009 237072.00000000003 6.5427500000000007
decision_type=2 2 2 2 2 2 2 2 2 2 2 2 2
left_child=3 2 7 4 5 6 9 -2 11 -1 -9 -7 -5
right_child=1 -3 -4 12 -6 8 -8 10 -10 -11 -12 -13 -14
leaf_value=-0.061216494647130554 -0.024269004283925876 -0.055654052511999744 -0.049589778067471835 -0.058530610775830286 -0.058812182817300523 0.07515326369527757 0.036117611611197718 0.060302108883901501 0.013422369348193047 -0.0079317296748665205 0.029102744091634571 0.03343907117400937 -0.022302645174870076
leaf_weight=11.205595821142198 4.5058517158031455 8.6682027131319028 3.64387622475624 67.263429805636406 31.16693203151226 5.0811216831207293 7.2399680018424979 123.2373211979866 6.9013551920652381 3.7424558550119391 6.3472386449575415 5.283763200044632 2.8613888025283805
leaf_count=70 20 56 18 482 226 21 38 686 31 17 27 22 16
internal_value=0.0038216 0.0460889 0.052883 -0.0401241 -0.0222812 0.00719337 -0.0210105 0.0560512 0.0428766 -0.0495233 0.0590468 0.0591418 -0.057457
internal_weight=287.149 146.402 137.734 140.746 70.6212 39.4543 22.188 134.09 17.2662 14.9481 129.585 10.3649 70.1248
internal_count=1730 807 751 923 425 199 125 733 74 87 713 43 498
is_linear=0
shrinkage=0.05


Tree=23
num_leaves=13
num_cat=0
split_feature=12 18 19 18 19 0 3 3 13 3 17 12
split_gain=200.721 39.4068 18.0959 16.2856 29.5692 14.1693 13.9199 13.0235 9.13025 1.15307 0.850062 0.409153
threshold=6.5786000000000007 1.5000000000000002 1.0000000180025095e-35 1.0000000180025095e-35 1.0000000180025095e-35 141076.00000000003 3.5000000000000004 1.5000000000000002 0.70680000000000009 7.5000000000000009 0.026350000000000002 6.5427500000000007
decision_type=2 2 2 2 2 2 2 2 2 2 2 2
left_child=3 2 7 4 5 6 -1 -2 10 -9 -7 -5
right_child=1 -3 -4 11 -6 8 -8 9 -10 -11 -12 -13
leaf_value=-0.058439297865565114 -0.023274415444606466 -0.054841164985972461 -0.048270976803099455 -0.057885787461966091 -0.058170269080387561 0.024180737417230262 0.041869012858928856 0.059526550996681561 -0.012369169669461447 0.028035275155442081 0.059462588184555958 -0.021637149723204265
leaf_weight=10.816103696823118 4.5062016546726218 8.3790204375982267 3.5850806832313529 64.688471928238869 29.976519510149956 5.0667692273855272 4.0033321380615225 118.72819139063358 7.8924567550420752 6.2987969517707816 11.193071514368055 2.833404302597045
leaf_count=71 20 56 18 482 226 22 19 686 38 27 49 16
internal_value=0.00373236 0.0453187 0.0520224 -0.0393656 -0.0216762 0.00702241 -0.0300921 0.055185 0.030285 0.0582148 0.050796 -0.0567756
internal_weight=277.967 141.497 133.118 136.47 68.9483 38.9717 14.8194 129.533 24.1523 125.027 16.2598 67.5219
internal_count=1730 807 751 923 425 199 90 733 109 713 71 498
is_linear=0
shrinkage=0.05


Tree=24
num_leaves=14
num_cat=0
split_feature=12 18 19 18 19 0 3 3 2 8 21 16 12
split_gain=187.711 37.0578 17.1186 15.6712 28.0577 13.0762 13.0819 12.4423 10.6559 3.34296 1.49133 0.737094 0.428304
threshold=6.5786000000000007 1.5000000000000002 1.0000000180025095e-35 1.0000000180025095e-35 1.0000000180025095e-35 141076.00000000003 3.5000000000000004 1.5000000000000002 117.50000000000001 5.8722000000000003 0.0117 272128.00000000006 6.5427500000000007
decision_type=2 2 2 2 2 2 2 2 2 2 2 2 2
left_child=3 2 7 4 5 6 -1 -2 9 -7 11 -9 -5
right_child=1 -3 -4 12 -6 8 -8 10 -10 -11 -12 -13 -14
leaf_value=-0.057574388071206975 -0.022323713971494703 -0.054063263890099272 -0.047004565478248883 -0.057275937330023119 -0.057562100601615908 0.00513136915965463 0.039737327971622931 0.059372547097535235 -0.025976501535948437 0.058722598003639492 0.018147568124054658 0.022991903458137591 -0.020990762838607294
leaf_weight=10.453880026936529 4.5057964771985999 8.0961762592196447 3.5260383486747733 62.182530328631401 28.818481177091599 4.1285322308540406 4.059346228837966 113.16312947869301 5.7997707277536383 13.949753597378729 3.8371765315532675 3.5708755850791922 2.8061195015907279
leaf_count=71 20 56 18 482 226 19 19 679 28 62 15 19 16
internal_value=0.00364074 0.0445798 0.0511977 -0.0386715 -0.0211443 0.00683312 -0.029227 0.0543566 0.0292455 0.0476565 0.0574234 0.0585069 -0.0561268
internal_weight=268.898 136.699 128.603 132.198 67.2098 38.3913 14.5132 125.077 23.8781 18.0783 120.571 116.734 64.9886
internal_count=1730 807 751 923 425 199 90 733 109 81 713 698 498
is_linear=0
shrinkage=0.05


Tree=25
num_leaves=15
num_cat=0
split_feature=21 0 0 19 21 13 3 17 11 2 2 8 8 21
split_gain=106.383 63.3357 37.8745 28.4484 16.3396 12.5976 6.96441 8.01858 5.09254 9.50884 1.93517 1.84227 1.82779 0.0542884
threshold=0.013750000000000002 93924.000000000015 514016.00000000006 1.0000000180025095e-35 0.92765000000000009 3.5716000000000006 7.5000000000000009 0.19820000000000002 16.748600000000003 35.500000000000007 119.50000000000001 5.8178500000000009 6.3706000000000005 0.47695000000000004
decision_type=2 2 2 2 2 2 2 2 2 2 2 2 2 2
left_child=1 5 3 6 13 11 8 -8 9 -3 -10 -1 -4 -2
right_child=4 2 12 -5 -6 -7 7 -9 10 -11 -12 -13 -14 -15
leaf_value=-0.011636573423471915 -0.057653568546191664 0.04988051776977051 -0.054281495498881574 -0.05549018710438211 0.053127269537299786 0.050250476019933946 0.043497927185791346 -0.049032428446553387 0.056827376488424369 -0.023901215607022786 0.035172979325945729 -0.053367496872338875 -0.0049049355525829586 -0.030032244110068718
leaf_weight=3.9912981986999538 58.663841135799885 10.039520248770716 9.8721404522657377 6.2259852141141883 2.7954331040382376 2.7219334989786139 3.9752862676978102 3.4226616844534874 97.459757409989834 6.3392600119113913 20.273110434412956 26.901832543313503 2.7994443476200095 4.4480324536561957
leaf_count=30 448 53 64 48 11 11 18 25 603 31 122 218 16 32
internal_value=0.00355105 0.0222199 0.035305 0.0424732 -0.0508436 -0.0392922 0.0471775 0 0.0497639 0.0213041 0.0534683 -0.0486667 -0.0448955 -0.0562836
internal_weight=259.93 194.022 160.407 147.736 65.9073 33.6151 141.51 7.39795 134.112 16.3788 117.733 30.8931 12.6716 63.1119
internal_count=1730 1239 980 900 491 259 852 43 809 84 725 248 80 480
is_linear=0
shrinkage=0.05


Tree=26
num_leaves=14
num_cat=0
split_feature=12 18 19 18 19 5 1 3 8 13 3 12 11
split_gain=166.169 33.6123 15.3386 14.4747 25.2142 14.174 13.2943 11.3971 6.18045 2.92101 1.33857 0.484107 0.482972
threshold=6.5786000000000007 1.5000000000000002 1.0000000180025095e-35 1.0000000180025095e-35 1.0000000180025095e-35 1.5000000000000002 7.5000000000000009 1.5000000000000002 6.4241500000000009 3.4539500000000003 7.5000000000000009 6.5427500000000007 18.532700000000002
decision_type=2 2 2 2 2 2 2 2 2 2 2 2 2
left_child=3 2 7 4 5 6 8 -2 -1 12 -9 -5 -7
right_child=1 -3 -4 11 -6 9 -8 10 -10 -11 -12 -13 -14
leaf_value=-0.056516458517399372 -0.02088935476806875 -0.053028115843394563 -0.044434380227990511 -0.056240559585283845 -0.056488469526832001 0.026812606476321416 0.048685296393628577 0.05762775258100869 0.016495169592676533 0.0028741483846431038 0.025063222805964111 -0.019501930835611483 0.061438730437004131
leaf_weight=12.932257726788523 4.4300636053085318 7.6442069336771956 3.4028318971395484 57.746418230235577 26.640358485281467 4.8182994276285189 4.3295422643423072 106.29890133440495 3.0504989773035041 4.5478681474924079 6.063873976469039 2.7257483080029479 7.3989251554012299
leaf_count=86 20 56 18 482 226 22 25 686 14 20 27 16 32
internal_value=0.00346553 0.0433327 0.0498893 -0.0375518 -0.0203114 0.00635155 -0.021167 0.0530338 -0.0421362 0.0392888 0.056151 -0.0550101 0.0512228
internal_weight=252.03 127.84 120.196 124.19 63.7178 37.0774 20.3123 116.793 15.9828 16.7651 112.363 60.4722 12.2172
internal_count=1730 807 751 923 425 199 125 733 100 74 713 498 54
is_linear=0
shrinkage=0.05


Tree=27
num_leaves=14
num_cat=0
split_feature=12 18 19 18 19 5 21 3 8 5 21 12 3
split_gain=155.489 31.6535 14.5342 13.9481 24.0121 13.0704 12.5585 10.9131 3.15836 2.82342 1.68591 0.885841 0.527687
threshold=6.5786000000000007 1.5000000000000002 1.0000000180025095e-35 1.0000000180025095e-35 1.0000000180025095e-35 1.5000000000000002 0.0033500000000000001 1.5000000000000002 6.3983500000000015 3.5000000000000004 0.0117 6.5471000000000013 10.500000000000002
decision_type=2 2 2 2 2 2 2 2 2 2 2 2 2
left_child=3 2 7 4 5 6 8 -2 -1 -7 12 -5 -9
right_child=1 -3 -4 11 -6 9 -8 10 -10 -11 -12 -13 -14
leaf_value=-0.058586160560285844 -0.020046818062162828 -0.052320595847662514 -0.043307764451956887 -0.055769940165070135 -0.055962558745970073 0.053749693087396216 0.033405981592153029 0.057499064240987989 0 0.0096433490028441024 0.015170045708567649 -0.012875691491853199 0.021877390365643113
leaf_weight=10.623356685042383 4.4275318086147299 7.3804209232330313 3.344297155737876 55.892753668129444 25.582373656332493 9.9663357287645358 6.3633799999952307 101.34602566063404 2.7850688993930808 6.6638072580099097 3.7347209453582755 2.2542922124266616 3.1528217494487754
leaf_count=74 20 56 18 485 226 43 38 684 13 31 15 13 14
internal_value=0.00339423 0.0426662 0.0491476 -0.0369196 -0.0198035 0.00629134 -0.0206065 0.052293 -0.0471262 0.037909 0.0554544 -0.0544373 0.0566893
internal_weight=243.517 123.386 116.005 120.131 61.9843 36.4019 19.7718 112.661 13.4084 16.6301 108.234 58.147 104.499
internal_count=1730 807 751 923 425 199 125 733 87 74 713 498 698
is_linear=0
shrinkage=0.05


Tree=28
num_leaves=15
num_cat=0
split_feature=12 18 19 18 19 5 1 3 12 5 16 21 12 0
split_gain=145.611 29.834 13.7848 13.4516 22.8231 12.0189 11.8966 10.464 5.67989 2.61493 1.75593 1.66595 0.88738 0.651329
threshold=6.5786000000000007 1.5000000000000002 1.0000000180025095e-35 1.0000000180025095e-35 1.0000000180025095e-35 1.5000000000000002 7.5000000000000009 1.5000000000000002 6.4250500000000015 3.5000000000000004 273408.00000000006 0.066850000000000007 6.5471000000000013 237072.00000000003
decision_type=2 2 2 2 2 2 2 2 2 2 2 2 2 2
left_child=3 2 7 4 5 6 8 -2 -1 13 11 -9 -5 -7
right_child=1 -3 -4 12 -6 9 -8 10 -10 -11 -12 -13 -14 -15
leaf_value=-0.054802362025753337 -0.019239795849903617 -0.051637559949165523 -0.042219042752576298 -0.055265410833777673 -0.05545979971383877 0.066455027740771902 0.047438202267198026 0.057187916132001984 0.015677056208101166 0.0092218626450449367 0.011118799656331189 0.013358432585834773 -0.012480584615232415 0.027289318311179245
leaf_weight=12.200703926384451 4.424604043364524 7.1238853260874739 3.2862825691699973 53.648823462426662 24.558568120002747 4.9682915210723895 4.1047892123460761 97.857469707727432 3.0353532731533042 6.6656154692172995 3.0880148261785498 3.2465062141418448 2.241366207599639 4.9053437411785126
leaf_count=86 20 56 18 485 226 21 25 683 14 31 17 13 13 22
internal_value=0.00331344 0.042039 0.0484514 -0.0362882 -0.0193203 0.00611337 -0.0200584 0.0516004 -0.0403526 0.0364022 0.0548106 0.0559741 -0.053887 0.051756
internal_weight=235.356 119.027 111.903 116.329 60.4387 35.8801 19.3408 108.617 15.2361 16.5393 104.192 101.104 55.8902 9.87364
internal_count=1730 807 751 923 425 199 125 733 100 74 713 696 498 43
is_linear=0
shrinkage=0.05


Tree=29
num_leaves=15
num_cat=0
split_feature=12 18 19 18 19 5 1 3 12 13 16 12 11 0
split_gain=136.275 28.128 13.0787 13.009 21.7746 11.0677 11.1738 10.0391 5.40268 2.84083 1.90026 0.889128 0.709831 0.588366
threshold=6.5786000000000007 1.5000000000000002 1.0000000180025095e-35 1.0000000180025095e-35 1.0000000180025095e-35 1.5000000000000002 7.5000000000000009 1.5000000000000002 6.4250500000000015 3.4539500000000003 284160.00000000006 6.5471000000000013 18.532700000000002 102248.00000000001
decision_type=2 2 2 2 2 2 2 2 2 2 2 2 2 2
left_child=3 2 7 4 5 6 8 -2 -1 12 13 -5 -7 -9
right_child=1 -3 -4 11 -6 9 -8 10 -10 -11 -12 -13 -14 -15
leaf_value=-0.053887657718525085 -0.018466544791697927 -0.050976682169058742 -0.041165650544592008 -0.054783018793801333 -0.054978091765201742 0.02272468778330879 0.046732302703186623 0.02602251818800963 0.015102504112026842 0 0.0087769214639651476 -0.012097153446622107 0.058135838034609477 0.056556530082453663
leaf_weight=11.814223863184454 4.4213382899761191 6.8747213631868354 3.2289136946201316 51.47892652451992 23.568884916603565 4.8578633219003695 3.9768123775720587 4.7574527710676184 3.0314317494630805 4.5435715317726126 2.9209218919277182 2.2288080230355254 7.076944425702095 92.593051716685295
leaf_count=86 20 56 18 485 226 22 25 29 14 20 16 13 32 668
internal_value=0.00325051 0.0414254 0.0477714 -0.0356548 -0.0188002 0.0060656 -0.0195266 0.0509252 -0.0394205 0.0350291 0.0541864 -0.0533565 0.0469801 0.055395
internal_weight=227.374 114.796 107.922 112.577 58.8697 35.3008 18.8225 104.693 14.8457 16.4784 100.271 53.7077 11.9348 97.3505
internal_count=1730 807 751 923 425 199 125 733 100 74 713 498 54 697
is_linear=0
shrinkage=0.05


Tree=30
num_leaves=14
num_cat=0
split_feature=12 18 18 19 19 5 21 21 16 13 12 12 11
split_gain=127.6 26.5211 12.5445 20.7538 12.409 10.2103 10.7276 9.30837 3.47423 2.65065 2.18701 0.890991 0.704989
threshold=6.5786000000000007 1.5000000000000002 1.0000000180025095e-35 1.0000000180025095e-35 1.0000000180025095e-35 1.5000000000000002 0.0033500000000000001 0.0117 284160.00000000006 3.4539500000000003 6.3870000000000013 6.5471000000000013 18.532700000000002
decision_type=2 2 2 2 2 2 2 2 2 2 2 2 2
left_child=2 4 3 5 7 6 10 8 -2 12 -1 -4 -7
right_child=1 -3 11 -5 -6 9 -8 -9 -10 -11 -12 -13 -14
leaf_value=-0.055823282794551565 0.055644628563589177 -0.050335852565230321 -0.054320714493816639 -0.054515522372749571 -0.040145292626086911 0.021764995240011409 0.032305712528098149 -0.010857145721517927 0.0013979680549535904 0 -0.0046021010260156722 -0.011725065310217119 0.056645732650930272
leaf_weight=9.2498666197061556 92.204568639397621 6.6330012902617446 49.3827865421772 22.613115027546883 3.1722979247570029 4.8624314069747943 5.9344894737005225 5.4373980909585944 3.2976360470056525 4.5435715317726126 3.1326933279633513 2.2166100665926924 6.9300113469362259
leaf_count=72 692 56 485 226 18 22 38 23 18 20 15 13 32
internal_value=0.0031871 0.0408138 -0.0350668 -0.0183312 0.0470922 0.00600775 -0.0190079 0.0502499 0.0538572 0.0338239 -0.0445505 -0.0528436 0.0454797
internal_weight=219.61 110.745 108.866 57.2662 104.112 34.6531 18.317 100.94 95.5022 16.336 12.3826 51.5994 11.7924
internal_count=1730 807 923 425 751 199 125 733 710 74 87 498 54
is_linear=0
shrinkage=0.05


Tree=31
num_leaves=17
num_cat=0
split_feature=12 21 3 21 21 1 3 17 17 16 13 21 17 17 16 17
split_gain=119.487 19.2028 13.5201 9.26309 14.006 9.25724 16.8059 9.40994 6.63064 4.52815 4.24527 1.28093 0.602955 0.530642 0.402012 0.0722738
threshold=6.5786000000000007 0.011400000000000002 11.500000000000002 0.013750000000000002 0.0029000000000000002 5.5000000000000009 3.5000000000000004 0.61040000000000016 0.83750000000000013 284928.00000000006 0.079550000000000023 0.60320000000000007 0.25550000000000006 0.13405000000000003 3840.0000000000005 0.74125000000000008
decision_type=2 2 2 2 2 2 2 2 2 2 2 2 2 2 2 2
left_child=3 2 9 4 5 6 12 13 -3 14 -6 -5 -1 -8 -2 -7
right_child=1 8 -4 11 10 15 7 -9 -10 -11 -12 -13 -14 -15 -16 -17
leaf_value=-0.057950368074615261 0.023674159482897115 -0.052547221699759228 -0.039793900826168994 -0.05385645777557873 0.052733393129450801 -0.054646012047851446 0.024106716625046713 -0.0415646730439624 0.026070479533725405 -0.010058736741571362 -0.0079765526260382434 -0.0098292982647767632 -0.016005468131167006 0.060304384610948281 0.053471626269185203 -0.020215447115290823
leaf_weight=9.1333224475383776 4.0585618391633025 6.2703168392181379 3.5527452304959288 42.119314104318619 6.250184662640093 23.19360122829676 4.3353454619646055 2.9046623334288588 3.3845536112785339 2.5475661084055892 4.1797826886177063 2.5317893996834746 2.3760430589318267 6.1345420032739639 86.982647769153118 2.215702921152114
leaf_count=70 30 42 23 421 37 233 22 28 15 15 27 19 16 30 682 20
internal_value=0.0031055 0.0402124 0.0468963 -0.0344797 -0.0210744 -0.0320079 -0.00945371 0.0275881 -0.024658 0.050626 0.0293973 -0.0517396 -0.0516625 0.0491602 0.0524692 -0.0527121
internal_weight=212.171 106.796 97.1415 105.374 60.7232 50.2932 24.8839 13.3745 9.65487 93.5888 10.43 44.6511 11.5094 10.4699 91.0412 25.4093
internal_count=1730 807 750 923 483 419 166 80 57 727 64 440 86 52 712 253
is_linear=0
shrinkage=0.05


Tree=32
num_leaves=15
num_cat=0
split_feature=12 18 18 19 19 3 3 21 11 3 3 12 17 21
split_gain=111.885 24.3645 11.8266 19.0343 11.3416 9.62833 8.39524 10.3115 6.21273 3.7624 1.8807 0.911671 0.726537 0.542237
threshold=6.5786000000000007 1.5000000000000002 1.0000000180025095e-35 1.0000000180025095e-35 1.0000000180025095e-35 1.5000000000000002 3.5000000000000004 0.0033500000000000001 23.6142 2.5000000000000004 7.5000000000000009 6.5471000000000013 0.18870000000000003 0.066850000000000007
decision_type=2 2 2 2 2 2 2 2 2 2 2 2 2 2
left_child=2 4 3 6 5 -2 7 12 -8 -9 13 -4 -1 -7
right_child=1 -3 11 -5 -6 10 8 9 -10 -11 -12 -13 -14 -15
leaf_value=-0.057174015980708343 -0.019327206404287287 -0.049620919586594522 -0.053503196187218251 -0.053683372462552885 -0.038584443263335683 0.055478474399381528 0.048231974972361986 -0.013620186745765967 -0.019696201343238268 0.050132876530689277 0.018271614812342574 -0.010737889026995871 -0.01444954480060286 0.019586862352976839
leaf_weight=7.3456949070096034 4.3169946670532218 6.3178444579243651 45.643315315246582 20.808495096862316 3.0715996772050849 81.084445647895336 12.105235688388346 3.2605616003274909 3.7844122201204291 4.4356824904680252 5.5153009593486777 2.1705536246299735 2.4766006767749786 2.9315967857837668
leaf_count=55 20 56 485 226 18 674 56 19 22 28 27 13 19 12
internal_value=0.00301339 0.0395441 -0.0339261 -0.0173102 0.0458549 0.0490489 0.00610149 -0.0171674 0.0315493 0.0240882 0.0525782 -0.051924 -0.049194 0.05453
internal_weight=205.268 103.238 102.031 54.2167 96.9199 93.8483 33.4082 17.5185 15.8896 7.69624 89.5313 47.8139 9.8223 84.016
internal_count=1730 807 923 425 751 733 199 121 78 47 713 498 74 686
is_linear=0
shrinkage=0.05


Tree=33
num_leaves=16
num_cat=0
split_feature=18 0 8 13 0 11 11 2 0 1 21 11 1 17 8
split_gain=69.2278 47.486 16.9183 15.7107 10.2582 7.07691 6.87558 11.4678 6.11748 4.33319 4.33044 4.11827 1.74806 1.50796 1.08042
threshold=1.0000000180025095e-35 93924.000000000015 6.5353000000000003 0.43855000000000005 704252.00000000012 27.403900000000004 16.748600000000003 58.500000000000007 263188.00000000006 8.5000000000000018 1.0000000180025095e-35 25.610150000000004 7.5000000000000009 0.88715000000000011 5.8650000000000011
decision_type=2 2 2 2 2 2 2 2 2 2 2 2 2 2 2
left_child=1 3 12 -1 5 6 7 14 -7 -8 -4 -11 13 -2 -3
right_child=2 4 10 -5 -6 8 9 -9 -10 11 -12 -13 -14 -15 -16
leaf_value=-0.053365089265568037 -0.052533623222853203 0.012369387820099283 0.039206548617846643 0.04870192699504447 -0.04700924223319998 -0.047756733283244104 0.053752779793488172 -0.047999343891519657 0.030352404522048643 0.039983405016911347 -0.026047796668565083 -0.037834672361066871 -0.0027717093792946276 -0.01027559649914769 0.050164098478683694
leaf_weight=21.33771384507418 51.316576860845089 4.0296477973461133 7.2066477835178357 3.6690847873687735 2.5618342310190192 3.3444078639149648 75.04659628868103 4.4057743400335303 4.908432699739933 2.6005444452166548 2.7723244652152061 2.2084249034523964 2.3459773287177077 3.0845980420708647 7.3940540179610252
leaf_count=238 532 24 53 17 15 29 608 22 39 21 14 23 22 26 47
internal_value=0.00292491 0.0239526 -0.0381851 -0.0369004 0.0384981 0.0410811 0.0448788 0.0132993 -0.00250081 0.0508349 0.0199011 0.00302503 -0.0486539 -0.0504565 0.0393034
internal_weight=198.233 131.507 66.7261 25.0068 106.5 103.938 95.685 15.8295 8.25284 79.8556 9.97897 4.80897 56.7472 54.4012 11.4237
internal_count=1730 1083 647 255 828 813 745 93 68 652 67 44 580 558 71
is_linear=0
shrinkage=0.05


Tree=34
num_leaves=14
num_cat=0
split_feature=12 18 12 18 19 5 21 6 18 8 5 21 12
split_gain=99.3804 22.0675 12.2011 10.7807 17.0703 8.46099 8.75226 3.75351 3.4474 2.50749 2.20548 2.07348 0.977198
threshold=6.5786000000000007 1.0000000180025095e-35 7.8020500000000004 1.0000000180025095e-35 1.0000000180025095e-35 1.5000000000000002 0.0033500000000000001 1.0000000180025095e-35 1.5000000000000002 6.4190500000000013 3.5000000000000004 0.014750000000000001 6.5471000000000013
decision_type=2 2 2 2 2 2 2 2 2 2 2 2 2
left_child=3 11 7 4 5 6 9 8 -3 -1 -7 -2 -5
right_child=1 2 -4 12 -6 10 -8 -9 -10 -11 -12 -13 -14
leaf_value=-0.054289882602615205 0.052761709999101659 0.018230430251290269 0.044184085816570469 -0.052725616150508893 -0.052921624594632115 0.045484534813121411 0.029686281274729467 -0.059517048526652287 -0.042740761405416133 0 0.0058968508137149968 0.009677008868234872 -0.0093039350308144596
leaf_weight=8.7288028150796908 72.055902980268002 4.6143903806805628 6.6621533781290045 42.079663701355457 19.187283024191856 9.2680307552218419 5.3851777911186209 6.219345435500145 2.9326831996440887 2.5245668590068808 6.3479738235473624 3.7256215065717688 2.1208060309290877
leaf_count=75 640 26 51 485 226 43 38 47 25 12 31 18 13
internal_value=0.00285497 0.03856 -0.00708689 -0.0330377 -0.0168262 0.00544124 -0.0186762 -0.0335496 -0.00710572 -0.0427615 0.0310163 0.0508623 -0.0510047
internal_weight=191.852 96.2101 20.4286 95.6423 51.4418 32.2546 16.6385 13.7664 7.54707 11.2534 15.616 75.7815 44.2005
internal_count=1730 807 149 923 425 199 125 98 51 87 74 658 498
is_linear=0
shrinkage=0.05


Tree=35
num_leaves=14
num_cat=0
split_feature=12 18 12 18 11 0 13 6 18 3 21 12 0
split_gain=93.1257 20.9757 11.4597 10.4056 15.9846 11.6693 9.52384 3.5543 3.25277 2.08267 2.0713 0.975407 0.111284
threshold=6.5786000000000007 1.0000000180025095e-35 7.8020500000000004 1.0000000180025095e-35 24.204500000000003 141076.00000000003 0.43855000000000005 1.0000000180025095e-35 1.5000000000000002 2.5000000000000004 0.014750000000000001 6.5471000000000013 481280.00000000006
decision_type=2 2 2 2 2 2 2 2 2 2 2 2 2
left_child=3 10 7 4 5 6 -1 8 -3 -7 12 -5 -2
right_child=1 2 -4 11 -6 9 -8 -9 -10 -11 -12 -13 -14
leaf_value=-0.052643769006310431 0.053049421572508637 0.017565450668566941 0.043369948199730814 -0.052335477852482271 -0.052996823319352418 -0.001976938230640816 0.031134718508901035 -0.05855572027936673 -0.042103347371934212 0.03855796722387874 0.0092966011968565639 -0.0090155552334265348 0.020910715499680065
leaf_weight=10.147784911096094 66.65372983366251 4.5881621018052119 6.4714968875050536 40.325546987354755 17.880571573972702 3.5713746100664165 4.0168382152914992 6.026696652173996 2.8455832898616791 14.56395250558853 3.7250982522964469 2.1114403009414664 2.5509181022644034
leaf_count=104 620 26 51 485 207 16 18 47 25 80 18 13 20
internal_value=0.00278831 0.0379921 -0.00698302 -0.0324837 -0.0164163 0.00466708 -0.0280695 -0.0328625 -0.00696646 0.030628 0.0502798 -0.0505524 0.0522507
internal_weight=185.479 92.8617 19.9319 92.6175 50.1805 32.3 14.1646 13.4604 7.43375 18.1353 72.9297 42.437 69.2046
internal_count=1730 807 149 923 425 218 122 98 51 96 658 498 640
is_linear=0
shrinkage=0.05


Tree=36
num_leaves=16
num_cat=0
split_feature=12 18 12 18 19 11 11 1 6 2 16 2 12 21 2
split_gain=87.3829 19.9597 10.7656 9.9961 15.5286 4.28425 7.76061 6.56208 3.36751 2.84999 2.0822 2.04932 0.97348 0.823888 0.0776339
threshold=6.5786000000000007 1.0000000180025095e-35 7.8020500000000004 1.0000000180025095e-35 1.0000000180025095e-35 25.116650000000003 18.532700000000002 5.5000000000000009 1.0000000180025095e-35 97.500000000000014 273408.00000000006 57.500000000000007 6.5471000000000013 0.028600000000000004 103.50000000000001
decision_type=2 2 2 2 2 2 2 2 2 2 2 2 2 2 2
left_child=3 10 8 4 5 6 7 9 11 -1 13 -3 -5 -2 -8
right_child=1 2 -4 12 -6 -7 14 -9 -10 -11 -12 -13 -14 -15 -16
leaf_value=-0.031322206861611974 0.05248877043542876 0.017937486761526223 0.042564684137708343 -0.051956314574212806 -0.052223489137749726 -0.044539135952709002 0.059518564195177273 0.045799446386340613 -0.05762533826251022 0.016547650482659479 0 -0.028900380655606496 -0.0087358124883755734 0.014894085441494257 0.028139366160071844
leaf_weight=12.506594240665445 65.219010479748249 3.4322417527437228 6.2878436595201483 38.638841152191162 17.639612011611462 2.8249414861202231 4.1323935091495496 3.7289886176586142 5.8387275114655495 3.1970867216587058 2.1004386469721785 3.8917640596628189 2.1023581698536864 2.8564095795154563 4.8270303457975388
leaf_count=93 629 22 51 485 226 20 19 27 47 15 16 29 13 13 25
internal_value=0.00272397 0.0374491 -0.00688244 -0.031987 -0.0160733 0.00518554 0.0116501 -0.00621648 -0.032194 -0.0208699 0.0497307 -0.00683212 -0.0501085 0.0512222 0.0476375
internal_weight=179.224 89.6264 19.4506 89.5978 48.8566 31.217 28.3921 19.4327 13.1627 15.7037 70.1759 7.32401 40.7412 68.0754 8.95942
internal_count=1730 807 149 923 425 199 179 135 98 108 658 51 498 642 44
is_linear=0
shrinkage=0.05


Tree=37
num_leaves=20
num_cat=0
split_feature=12 16 11 16 1 4 12 11 3 3 17 1 16 8 2 8 2 11 1
split_gain=81.8188 12.116 7.03286 9.22372 5.90675 5.73581 5.72981 5.995 5.4485 4.30757 9.45771 7.57044 3.61642 2.08693 3.40777 1.20309 0.966642 0.396813 0.13727
threshold=6.5786000000000007 291072.00000000006 24.102100000000004 115456.00000000001 5.5000000000000009 1.0000000180025095e-35 7.3598000000000008 23.933950000000003 1.5000000000000002 3.5000000000000004 0.031000000000000003 4.5000000000000009 92416.000000000015 6.4884000000000013 43.500000000000007 5.8309500000000005 73.500000000000014 23.445850000000004 8.5000000000000018
decision_type=2 2 2 2 2 2 2 2 2 2 2 2 2 2 2 2 2 2 2
left_child=2 6 3 9 5 16 7 8 -2 18 -11 -12 -9 14 -10 -4 -5 -13 -1
right_child=1 -3 15 4 -6 -7 -8 12 13 10 11 17 -14 -15 -16 -17 -18 -19 -20
leaf_value=-0.050181338235980893 -0.030469819698019842 -0.034229969594217355 -0.010322947683241691 -0.011398555750551754 0.047858215817427774 0.040076608070017214 0.051241908682108643 -0.05107609125798851 0.041460263986914117 0.054258615726969189 0.029548357201569259 -0.05076532277707646 0.018847817840174835 0.051926123313402919 -0.022346264950877315 -0.053540535369165081 -0.051302165988089482 -0.008960023159330829 -0.014983059592089286
leaf_weight=19.016313016414646 2.2011541128158632 4.8354419991374007 2.5884800553321865 4.1233312189579028 5.7526324689388266 2.8205557763576508 53.408058039844036 3.1219705119729033 3.6896075606346157 3.125886723399165 3.338800184428691 11.205135531723498 2.4912374392151833 14.018123693764208 2.8145681023597717 28.256456457078457 3.3288420885801315 1.4191280081868161 1.7822564467787732
leaf_count=203 10 35 30 34 37 16 525 21 32 17 20 145 21 139 24 359 23 17 22
internal_value=0.0026787 0.0368803 -0.0314272 -0.0201102 0.0112072 -0.0112983 0.0415099 0.0218755 0.0331522 -0.0327811 -0.0141473 -0.0302462 -0.0211292 0.0413071 0.0138844 -0.0505088 -0.0337756 -0.0474355 -0.0482202
internal_weight=173.338 86.5802 86.7578 55.9129 16.0254 10.2727 81.7447 28.3367 22.7235 39.8875 19.089 15.9631 5.61321 20.5223 6.50418 30.8449 7.45217 12.6243 20.7986
internal_count=1730 807 923 534 110 73 772 247 205 424 199 182 42 195 56 389 57 162 225
is_linear=0
shrinkage=0.05


Tree=38
num_leaves=16
num_cat=0
split_feature=12 21 0 0 11 1 13 21 0 16 3 13 13 8 0
split_gain=76.5756 13.7104 11.0554 8.57093 15.0775 8.73608 6.38622 5.26641 4.03031 3.32249 1.35299 0.606925 0.406323 2.60446 0.044046
threshold=6.5786000000000007 0.011400000000000002 633524.00000000012 141076.00000000003 23.839200000000002 3.5000000000000004 4.4116500000000007 0.26750000000000002 93924.000000000015 158464.00000000003 10.500000000000002 0.44955000000000006 0.43855000000000005 5.8573500000000012 39120.000000000007
decision_type=2 2 2 2 2 2 2 2 2 2 2 2 2 2 2
left_child=3 2 8 6 5 -5 12 -3 -2 11 -10 -7 -1 -14 -15
right_child=1 7 -4 4 -6 9 -8 -9 10 -11 -12 -13 13 14 -16
leaf_value=-0.053591979620183174 -0.012384669796682537 -0.048156137491113971 -0.037879882592745037 -0.040998111546877936 -0.051597089981675795 0.047607165628280879 0.026376978276885951 0.024776489121528189 0.050789535152243694 -0.0077778753921255665 0.0082717416985405075 0.014468490799232859 0.00045664317319000938 -0.017474526274575377 -0.050215862857237649
leaf_weight=31.802716694772243 2.2379138693213454 5.4551905542612058 3.2408521026372901 4.7034752145409611 13.431562893092631 10.06529336422682 2.3234429359436026 3.1218669265508652 67.066066928207874 3.9906633868813506 2.656706526875495 3.4399567469954482 3.72376824915409 2.0955194234848014 8.4425767734646779
leaf_count=422 18 43 25 42 167 62 12 14 693 24 14 23 37 28 106
internal_value=0.00260765 0.0362452 0.0430641 -0.0309066 -0.0116363 0.013508 -0.0444724 -0.0212729 0.0472472 0.0298558 0.04938 0.0410904 -0.0486367 -0.0344717 -0.0462173
internal_weight=167.798 83.7786 75.2015 84.019 35.631 22.1994 48.388 8.57706 71.9607 17.4959 69.7228 13.5053 46.0646 14.2619 10.5381
internal_count=1730 807 750 923 318 151 605 57 725 109 707 85 593 171 134
is_linear=0
shrinkage=0.05


Tree=39
num_leaves=16
num_cat=0
split_feature=12 8 18 3 18 11 5 21 3 2 11 11 11 21 8
split_gain=72.0386 18.9094 9.22752 8.39929 7.8161 11.4303 8.50977 9.61665 4.29349 4.12029 1.86897 1.01943 4.3815 0.226341 0.223981
threshold=7.0386000000000015 6.5086000000000004 1.5000000000000002 3.5000000000000004 1.0000000180025095e-35 24.204500000000003 1.5000000000000002 0.0033500000000000001 3.5000000000000004 5.5000000000000009 23.747300000000003 28.027300000000004 28.825950000000002 0.0117 6.1862000000000004
decision_type=2 2 2 2 2 2 2 2 2 2 2 2 2 2 2
left_child=1 4 9 -3 5 6 7 -1 -8 -2 -5 -6 -13 -11 -10
right_child=2 3 -4 10 11 -7 8 -9 14 13 -12 12 -14 -15 -16
leaf_value=-0.053397154458351886 -0.0081634981877978016 -0.038888421811342722 -0.03854459168321421 0.048708314491946791 -0.0531022354463241 -0.050987092719177222 -0.010716763426616137 0.027792470697144092 0.059420205564301276 0.052128104113068202 0 0.026057400540188798 -0.049123876584157428 0.01757072128908858 0.027415657951539732
leaf_weight=9.0983819663524645 2.6585875004529944 3.3268581032753017 2.4347926825284949 11.22944815456867 33.766839608550072 15.293889768421648 4.2355448156595221 4.8389677181839934 4.0821349024772626 54.969240605831146 2.1553450003266326 2.1453770771622649 4.4011429473757744 2.2283966690301886 5.429647408425808
leaf_count=100 16 21 26 102 456 207 20 39 19 591 16 21 54 10 32
internal_value=0.00251307 -0.023679 0.0443513 0.023627 -0.0333975 -0.017749 0.00157579 -0.0249004 0.0286253 0.0483834 0.0411364 -0.049126 -0.0236354 0.0511927 0.0459727
internal_weight=162.295 100.004 62.291 16.7117 83.2919 42.9786 27.6847 13.9373 13.7473 59.8562 13.3848 40.3134 6.54652 57.1976 9.51178
internal_count=1730 1087 643 139 948 417 210 139 71 617 118 531 75 601 51
is_linear=0
shrinkage=0.05


Tree=40
num_leaves=16
num_cat=0
split_feature=12 8 18 18 11 0 0 8 2 1 11 2 11 11 1
split_gain=67.6239 17.6989 8.79012 7.54592 10.9114 7.99097 7.49054 6.39509 4.98887 2.10878 1.88936 1.74033 1.02068 4.16798 0.184689
threshold=7.0386000000000015 6.5086000000000004 1.5000000000000002 1.0000000180025095e-35 24.204500000000003 141076.00000000003 195408.00000000003 5.8309500000000005 2.0000000000000004 5.5000000000000009 17.036550000000002 110.50000000000001 28.027300000000004 28.825950000000002 8.5000000000000018
decision_type=2 2 2 2 2 2 2 2 2 2 2 2 2 2 2
left_child=1 3 8 4 5 7 -3 -1 -2 10 -7 -8 -5 -14 -10
right_child=2 6 -4 12 -6 9 11 -9 14 -11 -12 -13 13 -15 -16
leaf_value=0.020779305566977744 -0.018533712866442519 -0.031152081690576684 -0.03799526638730083 -0.052744001094366111 -0.050554764852598182 -0.010693994783722916 0 -0.048228028837935394 0.052124285725722835 0.048191400725394469 0.032257477127468501 0.04954154932975105 0.025135566153183977 -0.048534365842540908 0.023705229225604699
leaf_weight=4.288797631859782 2.1323133558034888 3.9233614355325725 2.3627847805619231 32.339303437620401 14.67761956527829 4.8493492156267148 2.2264479622244826 8.7873725704848749 51.751650422811508 5.7187288999557486 3.5282911732792854 10.179463885724543 2.1494262069463721 4.2479117400944233 3.7102491781115523
leaf_count=25 11 29 26 456 207 24 12 100 569 39 22 98 21 54 37
internal_value=0.00245164 -0.0232692 0.0438092 -0.0328655 -0.0173256 0.00160352 0.0229649 -0.0253711 0.0478417 0.0269802 0.00837293 0.0414994 -0.0486702 -0.0230544 0.0507652
internal_weight=156.873 96.9161 59.957 80.5868 41.8502 27.1725 16.3293 13.0762 57.5942 14.0964 8.37764 12.4059 38.7366 6.39734 55.4619
internal_count=1730 1087 643 948 417 210 139 125 617 85 46 110 531 75 606
is_linear=0
shrinkage=0.05


Tree=41
num_leaves=16
num_cat=0
split_feature=12 8 18 3 18 11 5 11 3 3 16 11 11 8 1
split_gain=63.441 16.593 8.37229 7.56256 7.28468 10.4144 7.68303 8.6265 3.97232 3.88992 2.60039 1.02144 3.96528 0.234301 0.201391
threshold=7.0386000000000015 6.5086000000000004 1.5000000000000002 3.5000000000000004 1.0000000180025095e-35 24.204500000000003 1.5000000000000002 13.943400000000002 3.5000000000000004 1.5000000000000002 74240.000000000015 28.027300000000004 28.825950000000002 6.1862000000000004 8.5000000000000018
decision_type=2 2 2 2 2 2 2 2 2 2 2 2 2 2 2
left_child=1 4 9 -3 5 6 7 -1 -8 -2 -5 -6 -13 -10 -11
right_child=2 3 -4 10 11 -7 8 -9 13 14 -12 12 -14 -15 -16
leaf_value=0.02579078386282186 -0.008263937023558451 -0.03722334307537447 -0.037454454544738607 -0.003668914155370376 -0.052392055068072207 -0.050126694899272663 -0.010428093084746713 -0.052530907838463009 0.057567745306384116 0.051602659946486544 0.049847937382572712 0.024243735768221086 -0.047949542767792765 0.025939464788602686 0.023061090724403696
leaf_weight=4.7181441411376026 2.5758182406425467 3.2576831728219977 2.2932647988200179 2.4677811861038199 30.97009689360857 14.086344476789234 4.206851437687873 8.4938895106315595 4.0037675574421865 49.21012432128191 10.243134371936319 2.1537459492683402 4.1006757207214832 5.2604823634028435 3.6526058092713347
leaf_count=39 14 21 26 15 456 207 20 100 19 566 103 21 54 32 37
internal_value=0.00239165 -0.022853 0.0432538 0.0223495 -0.0323369 -0.0169101 0.00162209 -0.024363 0.0273754 0.0472854 0.0395834 -0.0482176 -0.0224851 0.0443724 0.0501881
internal_weight=151.694 93.9626 57.7318 15.9686 77.994 40.7695 26.6831 13.212 13.4711 55.4385 12.7109 37.2245 6.25442 9.26425 52.8627
internal_count=1730 1087 643 139 948 417 210 139 71 617 118 531 75 51 603
is_linear=0
shrinkage=0.05


Tree=42
num_leaves=14
num_cat=0
split_feature=21 3 6 5 2 4 11 17 16 3 8 3 3
split_gain=40.9309 22.455 13.059 12.3245 12.7482 15.0424 9.4551 3.63524 2.68788 2.8469 0.923327 0.370313 0.350993
threshold=0.013750000000000002 9.5000000000000018 1.0000000180025095e-35 1.5000000000000002 35.500000000000007 1.0000000180025095e-35 10.331200000000003 0.16945000000000002 353024.00000000006 7.5000000000000009 6.3789000000000007 1.5000000000000002 5.5000000000000009
decision_type=2 2 2 2 2 2 2 2 2 2 2 2 2
left_child=1 3 -2 4 -1 12 -5 -3 9 11 -7 -8 -6
right_child=2 7 -4 6 5 10 8 -9 -10 -11 -12 -13 -14
leaf_value=0.045202314206157113 0.038142460081957312 0.0062354551059899468 -0.05217737512667945 -0.044845289308201516 -0.056137217963211333 0.001600967744214725 0.014494645721806247 -0.052965452611588408 -0.011485937227558586 -0.00080585275517189119 0.042855162390562175 0.047412277165971274 -0.014550370979518758
leaf_weight=9.4116219915449637 3.7360410988330832 2.8993178792297831 33.511796608567238 2.4330259114503852 11.596449322998525 2.18610980734229 2.4226747564971438 10.62695351988077 1.7352587282657612 3.1190711818635455 5.0426472425460815 56.212809659540653 1.7721204608678807
leaf_count=100 19 27 472 18 145 28 12 145 14 27 52 649 22
internal_value=0.00232983 0.0177825 -0.042227 0.0263663 -8.9526e-05 -0.0221511 0.0383054 -0.040376 0.0422154 0.043963 0.0326975 0.0464019 -0.0523688
internal_weight=146.706 109.458 37.2478 95.9318 30.0089 20.5973 65.9228 13.5263 63.4898 61.7546 7.22876 58.6355 13.3686
internal_count=1730 1239 491 1067 347 247 720 172 702 688 80 661 167
is_linear=0
shrinkage=0.05


Tree=43
num_leaves=18
num_cat=0
split_feature=12 8 18 18 11 0 3 3 2 16 1 11 11 11 11 1 12
split_gain=56.7531 14.7181 7.83163 6.82945 9.59512 6.87943 6.82297 6.17093 4.54534 2.47929 1.90367 1.02912 3.71062 1.00298 0.232707 0.209319 0.181056
threshold=7.0386000000000015 6.5086000000000004 1.5000000000000002 1.0000000180025095e-35 24.204500000000003 141076.00000000003 3.5000000000000004 3.5000000000000004 2.0000000000000004 74240.000000000015 5.5000000000000009 28.027300000000004 28.825950000000002 16.609700000000004 32.236500000000007 8.5000000000000018 7.0606000000000009
decision_type=2 2 2 2 2 2 2 2 2 2 2 2 2 2 2 2 2
left_child=1 3 8 4 5 7 -3 -1 -2 -8 13 -5 -13 -7 15 16 -10
right_child=2 6 -4 11 -6 10 9 -9 14 -11 -12 12 -14 -15 -16 -17 -18
leaf_value=-0.050473468934619729 -0.017340268819071476 -0.035628809636727758 -0.036791545774717743 -0.05184979226885883 -0.04944093336551772 -0.0071291421001113704 -0.0039028599165298662 0.017273382368169686 0.014910233090955377 0.048802217336272727 0.04672701033468224 0.024002996314852025 -0.046921708430066829 0.024483134694474818 0.015956766095491938 0.020093890916316297 0.052801709047407899
leaf_weight=7.3957660719752329 2.0896906703710547 3.1802635118365279 2.2026687860488883 28.717768475413322 13.037669140845535 4.3694363832473737 2.4328903332352629 4.7995430864393711 1.6527042761445034 9.5883783549070341 5.3197183758020392 2.0899602472782126 3.8372818604111671 3.647597037255764 2.086430422961711 2.7787953913211814 42.979647070169449
leaf_count=91 11 21 26 456 207 22 15 34 20 103 39 21 54 24 20 29 537
internal_value=0.00226561 -0.0222675 0.0423531 -0.0315365 -0.0162198 0.00177989 0.0212573 -0.0241439 0.0464629 0.0382711 0.0258643 -0.0475148 -0.0213368 0.00781945 0.0495456 0.0505603 0.0518657
internal_weight=142.206 88.4163 53.7899 73.2147 38.5697 25.5321 15.2015 12.1953 51.5873 12.0213 13.3368 34.645 5.92724 8.01703 49.4976 47.4111 44.6324
internal_count=1730 1087 643 948 417 210 139 125 617 118 85 531 75 46 606 586 557
is_linear=0
shrinkage=0.05


Tree=44
num_leaves=18
num_cat=0
split_feature=0 16 9 19 8 2 8 1 8 3 17 8 0 2 1 0 16
split_gain=33.7355 18.0647 14.0547 12.8868 10.3268 7.67765 4.97548 7.69579 3.67008 3.6127 1.51766 1.27378 1.0547 0.983961 0.919294 1.08965 0.260881
threshold=127732.00000000001 169984.00000000003 1.0000000180025095e-35 1.0000000180025095e-35 6.3706000000000005 2.0000000000000004 5.6422000000000017 3.5000000000000004 6.6485000000000012 7.5000000000000009 0.79325000000000012 6.5353000000000003 325824.00000000006 58.500000000000007 4.5000000000000009 95272.500000000015 123904.00000000001
decision_type=2 2 2 2 2 2 2 2 2 2 2 2 2 2 2 2 2
left_child=2 3 6 5 -3 -2 7 -1 -8 12 11 -6 13 -7 -9 -16 -5
right_child=1 4 -4 16 10 9 8 14 -10 -11 -12 -13 -14 -15 15 -17 -18
leaf_value=-0.046272078941311773 -0.028974586213523057 -0.050580547816677479 0.064715008261954074 -0.049986080125065828 -0.019749920609606283 0.049257068128669083 -0.05168485046715058 0.050246356326242803 0.01971855839567032 -0.0054597166056448744 0.044467560656351213 0.0223082283724092 0.051839860823688404 0.024747883007723702 -0.015992570934748467 0.029455861776845151 -0.0094886806755260719
leaf_weight=5.5094816535711271 3.3622286058962336 11.456583224236967 2.6056339293718329 3.1909705065190783 2.4876150600612155 8.4888017997145671 32.051044337451458 2.2348679900169373 1.3011811897158612 3.487544633448123 2.7561921551823616 2.6882870867848396 31.867984771728516 19.420612253248692 1.5994605682790282 1.6362499892711637 1.430762708187103
leaf_count=79 29 138 25 39 31 84 511 12 11 38 20 21 420 212 21 21 18
internal_value=0.00221134 0.0200087 -0.0317517 0.0316016 -0.0218078 0.0373479 -0.0388343 -0.0081457 -0.0482607 0.0413465 0.0201999 0.00135997 0.0442044 0.0338214 0.0306961 0.00733784 -0.0422565
internal_weight=137.576 90.6376 46.9379 71.2489 19.3887 66.6272 44.3323 10.9801 33.3522 63.2649 7.93209 5.1759 59.7774 27.9094 5.47058 3.23571 4.62173
internal_count=1730 1050 680 840 210 783 655 133 522 754 72 52 716 296 54 42 57
is_linear=0
shrinkage=0.05


Tree=45
num_leaves=17
num_cat=0
split_feature=12 8 18 18 11 0 0 13 2 8 2 2 11 11 21 11
split_gain=50.5998 13.2465 7.24669 6.38175 8.79986 5.97035 5.95539 6.74387 4.31467 2.50701 2.34315 1.4953 1.02888 3.4187 0.539976 0.166234
threshold=7.0386000000000015 6.5086000000000004 1.5000000000000002 1.0000000180025095e-35 24.204500000000003 195408.00000000003 141076.00000000003 0.43855000000000005 2.0000000000000004 5.7034000000000011 85.500000000000014 110.50000000000001 28.027300000000004 28.825950000000002 0.0117 27.759550000000001
decision_type=2 2 2 2 2 2 2 2 2 2 2 2 2 2 2 2
left_child=1 3 8 4 6 -3 7 -1 -2 -8 -11 -7 -5 -14 15 -10
right_child=2 5 -4 12 -6 11 9 -9 14 10 -12 -13 13 -15 -16 -17
leaf_value=-0.049096413691676777 -0.016788821957994603 -0.028733978012564484 -0.035969736283914262 -0.051319329195371882 -0.04873694993649668 0 -0.012926524916523775 0.024204659811080421 0.052322178586853146 0.054032877770430546 0.0043642705376511666 0.046757134227209889 0.023132744508175505 -0.045820772160991986 0.012439946898706811 0.027003376049044649
leaf_weight=7.4877976216375846 2.0618227869272223 3.6656321436166754 2.097155448049306 26.555529203265905 12.044259954243897 2.147743582725524 2.7580631077289572 4.106393039226532 38.735460087656975 5.7758130654692632 4.3081554174423218 8.7560073435306531 2.053254470229148 3.6002067551016808 2.1271920949220648 5.0561063066124907
leaf_count=105 11 29 26 456 207 12 16 20 542 46 23 98 21 54 10 54
internal_value=0.00219425 -0.0215871 0.0414794 -0.0307427 -0.0155589 0.020459 0.00187065 -0.0228774 0.0456319 0.0246137 0.0355724 0.0384413 -0.0468032 -0.0203135 0.0488394 0.0501787
internal_weight=133.337 83.2589 50.0777 68.6895 36.4805 14.5694 24.4362 11.5942 47.9806 12.842 10.084 10.9038 32.209 5.65346 45.9188 43.7916
internal_count=1730 1087 643 948 417 139 210 125 617 85 69 110 531 75 606 596
is_linear=0
shrinkage=0.05


Tree=46
num_leaves=15
num_cat=0
split_feature=12 0 11 2 18 13 2 16 17 2 13 12 0 21
split_gain=47.5426 12.0095 14.9983 8.40408 6.91754 5.12487 4.16643 2.98146 2.78081 1.65395 0.562084 1.73557 0.494059 0.453308
threshold=7.0386000000000015 141076.00000000003 23.839200000000002 2.0000000000000004 1.5000000000000002 4.4116500000000007 2.0000000000000004 151808.00000000003 0.8670000000000001 99.500000000000014 0.026200000000000005 7.5300000000000002 19712.000000000004 0.60320000000000007
decision_type=2 2 2 2 2 2 2 2 2 2 2 2 2 2
left_child=1 5 3 -3 6 8 -2 -5 12 -4 11 -8 -1 -14
right_child=4 2 9 7 -6 -7 10 -9 -10 -11 -12 -13 13 -15
leaf_value=-0.0070261612913925398 -0.016257923147959891 -0.038136445531799401 0 0.040971306322241864 -0.035457023504929984 0.018946332848146712 -0.0051326862170489344 -0.0051576192990711719 0.016935215474366695 -0.046562723737045328 0.051909476338880822 0.041265695962369453 -0.05043097243752892 -0.0079174975285698224
leaf_weight=1.3646477088332165 2.0555108636617652 4.1387989856302765 1.9688601605594147 18.246269330382351 2.0370953492820254 2.7167731225490561 2.3631649389863005 3.8007086776196948 1.1416101194918145 13.000206988304852 36.211271166801453 5.5418788678944111 33.033597223460674 1.3437659442424763
leaf_count=22 11 44 25 173 26 16 25 27 13 187 519 62 564 16
internal_value=0.002138 -0.0212107 -0.00199867 0.0205184 0.0409874 -0.0405127 0.0451463 0.0329234 -0.0454088 -0.0405197 0.0484151 0.0278149 -0.0479429 -0.0491813
internal_weight=128.964 80.7552 41.1548 26.1858 48.2089 39.6004 46.1718 22.047 36.8836 14.9691 44.1163 7.90504 35.742 34.3774
internal_count=1730 1087 456 244 643 631 617 200 615 212 606 87 602 580
is_linear=0
shrinkage=0.05


Tree=47
num_leaves=15
num_cat=0
split_feature=12 18 19 3 2 0 18 2 19 12 6 0 17 12
split_gain=44.6071 11.4376 15.1211 7.69845 8.72805 7.00842 6.59936 4.01941 4.23881 1.76995 2.77506 1.37055 0.558904 0.264133
threshold=7.0386000000000015 1.0000000180025095e-35 1.0000000180025095e-35 3.5000000000000004 145.50000000000003 145600.00000000003 1.5000000000000002 2.0000000000000004 1.0000000180025095e-35 6.5565500000000005 1.0000000180025095e-35 194656.00000000003 0.88715000000000011 7.0606000000000009
decision_type=2 2 2 2 2 2 2 2 2 2 2 2 2 2
left_child=1 2 3 5 -5 -1 7 -2 13 12 -11 -7 -3 -9
right_child=6 9 -4 4 -6 11 -8 8 -10 10 -12 -13 -14 -15
leaf_value=-0.05158473247602751 -0.015743649656960183 -0.050852365139736205 -0.049589746256338441 0.05245068350828859 -0.019479903593312465 0.035516257288922472 -0.034951553869415945 0.012464743361748382 -0.022223415638928479 0.0050057141918248525 -0.048943349949473171 -0.0033707312308653968 -0.0087994682980849347 0.052019983796657843
leaf_weight=5.8554539084434492 2.049346759915351 24.159260470420126 12.012717813253401 14.321468014270069 5.0942541733384124 3.5355342328548431 1.9791645854711521 1.5113349631428707 1.4416219294071186 5.0835683979094011 3.033811692148447 3.7973233461380005 1.600429631769656 39.45852505415678
leaf_count=73 11 466 232 134 36 22 26 20 7 38 31 31 24 579
internal_value=0.00207395 -0.0207988 -0.00381687 0.0138729 0.0333031 -0.0147108 0.0404629 0.0446249 0.0479526 -0.0422703 -0.0177656 0.0167907 -0.048853 0.0510117
internal_weight=124.934 78.4938 44.6168 32.604 19.4157 13.1883 46.44 44.4608 42.4115 33.8771 8.11738 7.33286 25.7597 40.9699
internal_count=1730 1087 528 296 170 126 643 617 606 559 69 53 490 599
is_linear=0
shrinkage=0.05


Tree=48
num_leaves=20
num_cat=0
split_feature=12 8 2 0 3 13 12 17 19 0 16 2 2 12 2 17 3 13 12
split_gain=41.9513 11.2541 5.81061 6.72051 5.48696 5.48409 5.21068 5.0562 3.72583 4.65001 2.11557 1.67342 1.52062 0.958808 0.709761 0.522043 0.431292 0.346497 0.302346
threshold=7.0386000000000015 6.5086000000000004 104.50000000000001 141076.00000000003 3.5000000000000004 4.4116500000000007 5.8710000000000013 0.88715000000000011 1.0000000180025095e-35 633524.00000000012 74240.000000000015 97.500000000000014 84.500000000000014 5.5715500000000011 5.5000000000000009 0.037300000000000007 7.5000000000000009 0.29755000000000004 6.491200000000001
decision_type=2 2 2 2 2 2 2 2 2 2 2 2 2 2 2 2 2 2 2
left_child=1 2 3 5 -3 11 15 13 9 14 -6 18 17 -4 -2 -5 -16 -8 -1
right_child=8 4 7 6 10 -7 12 -9 -10 -11 -12 -13 -14 -15 16 -17 -18 -19 -20
leaf_value=-0.047843178053580238 0.0059920371631417653 -0.032738565467714829 0 -0.0065060748125597735 -0.0038292443955901829 0.028765877680036078 0.046712930009810957 0.030881689259614598 -0.023121215603966794 -0.026277893346256589 0.046539766467111582 0 -0.002054572141114278 -0.054329169534571765 0.049550210124654374 -0.046417464987060481 0.018468938777847024 0.012714502723053845 -0.007663069379190101
leaf_weight=16.515465173870336 1.6550902649760235 2.9415960535407057 0.94251696765423432 2.1265520229935637 2.2687648497521868 2.4252526760101309 5.1952646225690824 1.2452473491430271 1.5497277043759812 1.6261022351682175 8.3574647791683656 2.0037858821451655 2.6101243570446968 23.791335951536894 36.47448842599988 1.9684764705598352 3.3334775008261195 2.4861741475760937 1.226675335317849
leaf_count=309 12 21 12 19 15 15 49 6 9 13 103 37 27 416 582 26 27 21 11
internal_value=0.00196864 -0.020494 -0.0294178 -0.0156788 0.0194906 -0.0324557 0.0102801 -0.0472683 0.0399846 0.0428406 0.0359512 -0.0412402 0.0288983 -0.0524443 0.046224 -0.0320176 0.0475864 0.039017 -0.045889
internal_weight=120.744 76.1047 62.5369 36.5578 13.5678 22.1712 14.3866 25.9791 44.6389 43.0892 10.6262 19.7459 10.2916 24.7339 41.4631 4.09503 39.808 7.68144 17.7421
internal_count=1730 1087 948 514 139 372 142 434 643 634 118 357 97 428 621 45 609 70 320
is_linear=0
shrinkage=0.05


Tree=49
num_leaves=17
num_cat=0
split_feature=12 8 3 3 3 1 21 21 21 3 16 16 8 3 12 17
split_gain=39.2919 10.5148 5.14995 4.93716 5.36136 6.05301 5.44227 5.65888 4.09297 2.40258 2.18691 2.0312 1.13653 0.641463 0.398034 0.264858
threshold=7.0386000000000015 6.5086000000000004 3.5000000000000004 6.5000000000000009 1.5000000000000002 4.5000000000000009 0.0029000000000000002 0.016650000000000002 0.0117 5.5000000000000009 302336.00000000006 74240.000000000015 5.8178500000000009 7.5000000000000009 6.0767500000000014 0.012750000000000003
decision_type=2 2 2 2 2 2 2 2 2 2 2 2 2 2 2 2
left_child=1 3 -3 4 14 -6 9 -8 10 -7 13 -4 -5 15 -1 -2
right_child=8 2 11 12 5 6 7 -9 -10 -11 -12 -13 -14 -15 -16 -17
leaf_value=-0.049518276300473271 0.0085872464911836838 -0.031819787393188186 -0.0036963793358209779 -0.005937844528089725 0.038927851531409825 -0.045259628253349268 0.044358852529327808 -0.029171678234382277 -0.0096364400692645485 0.0050498486635489059 -0.0060293195915848575 0.045789840247850273 -0.051138102819824373 0.01341729025312371 -0.012998474649039507 0.049260555325450289
leaf_weight=9.1906008236110193 1.1848323084413994 2.9050220549106589 2.2687439508736125 2.0653456486761597 5.3084180690348175 10.696435254067184 5.0356625430285913 3.6395083032548428 3.4018638394772998 2.5260167829692355 1.6993882879614819 8.0927623175084573 19.968708693981171 2.7591510489583007 2.1881099045276633 34.041931599378586
leaf_count=151 18 21 15 29 39 175 45 69 24 33 14 103 388 23 19 564
internal_value=0.00192027 -0.0200994 0.0189266 -0.02889 -0.0171699 -0.0043822 -0.0163413 0.013167 0.0393922 -0.0356177 0.0438514 0.0351427 -0.0475601 0.0463086 -0.0445169 0.0483054
internal_weight=116.973 73.8853 13.2665 60.6188 38.5848 27.206 21.8976 8.67517 43.0872 13.2225 39.6853 10.3615 22.0341 37.9859 11.3787 35.2268
internal_count=1730 1087 139 948 531 361 322 114 643 208 619 118 417 605 170 582
is_linear=0
shrinkage=0.05


Tree=50
num_leaves=19
num_cat=0
split_feature=12 8 2 21 17 3 21 0 0 8 8 11 2 21 2 0 2 3
split_gain=36.8625 9.83916 5.52578 6.49549 4.94779 4.83241 3.93753 4.68355 3.62105 7.95301 3.32543 1.65767 0.865029 0.854899 0.573449 0.392632 0.337431 0.063075
threshold=7.0386000000000015 6.5086000000000004 104.50000000000001 0.013750000000000002 0.93110000000000015 3.5000000000000004 0.0117 633524.00000000012 141076.00000000003 5.8178500000000009 5.7034000000000011 24.612350000000003 99.500000000000014 0.35970000000000008 63.500000000000007 96041.000000000015 97.500000000000014 10.500000000000002
decision_type=2 2 2 2 2 2 2 2 2 2 2 2 2 2 2 2 2 2
left_child=1 2 3 8 13 -3 7 15 9 -1 -10 -7 -5 -4 -12 -2 -11 -17
right_child=6 5 4 12 -6 11 -8 -9 10 16 14 -13 -14 -15 -16 17 -18 -19
leaf_value=0.03639044177176292 0.010167901045980133 -0.030923933676368982 -0.053780155402886831 -0.048282156767903824 0.033090830619862031 0.042704842322200218 -0.0092783219606764073 -0.025917549075622083 -0.018654093852156165 -0.04733415801942463 0.049280958855084926 -0.0056514127385152522 0 -0.0010316317205226187 0.014766605802099562 0.049361877280304597 -0.0082358256118404555 0.01415094320800446
leaf_weight=3.7900905646383789 1.6462040953338135 2.8696017265319815 22.003931611776359 10.200142864137886 1.1156925559043873 8.4070491939783079 3.3952763527631751 1.6291241757571686 3.0465245582163316 7.1088896170258504 4.0998830571770668 1.7022876925766457 1.0847667828202237 1.0362677685916413 3.8649073094129562 33.455635234713554 1.4581659771502016 1.5169458314776409
leaf_count=34 23 21 412 203 5 103 24 14 22 138 39 15 16 17 35 571 27 11
internal_value=0.00185681 -0.0197411 -0.0284021 -0.0147101 -0.04648 0.0183699 0.0387963 0.0433189 0.000530278 -0.0172012 0.0206206 0.0343364 -0.0441507 -0.0517573 0.036606 0.0471392 -0.0427585 0.0484094
internal_weight=113.431 71.7882 58.8093 34.6534 24.1559 12.9789 41.6432 38.2479 23.3685 12.3571 11.0113 10.1093 11.2849 23.0402 7.96479 36.6188 8.56706 34.9726
internal_count=1730 1087 948 514 434 139 643 619 295 199 96 118 219 429 74 605 165 582
is_linear=0
shrinkage=0.05


Tree=51
num_leaves=15
num_cat=0
split_feature=12 18 19 3 2 18 0 2 19 8 21 11 11 21
split_gain=34.555 9.71843 12.8455 6.43879 7.28256 6.25447 5.92394 3.74905 3.94168 2.26481 1.94244 1.34612 3.04157 0.589206
threshold=7.0386000000000015 1.0000000180025095e-35 1.0000000180025095e-35 3.5000000000000004 145.50000000000003 1.5000000000000002 145600.00000000003 2.0000000000000004 1.0000000180025095e-35 6.5507000000000009 0.0033500000000000001 28.027300000000004 28.825950000000002 0.0117
decision_type=2 2 2 2 2 2 2 2 2 2 2 2 2 2
left_child=1 2 3 6 -5 7 -1 -2 13 11 -8 -3 -13 -9
right_child=5 9 -4 4 -6 -7 10 8 -10 -11 -12 12 -14 -15
leaf_value=-0.049686000819995454 -0.015802461458004759 -0.050215688769485324 -0.048529203934278842 0.050937688341430101 -0.017436651696989131 -0.034937130720383659 -0.013048425644480902 0.05140006688396688 -0.021431483095098749 0 0.03467162310845489 0.025571990758173194 -0.042336700445661235 0.0072204520655394832
leaf_weight=5.1433647498488444 1.9816621392965306 22.073575578629978 10.282821264117954 12.916198220103981 4.6971740871667853 1.9614678844809521 2.7348985746502876 33.438422113656998 1.407759204506873 2.8990114778280249 4.1650479510426521 1.8841397762298573 2.9226680472493172 1.4072645306587208
leaf_count=73 11 464 232 134 36 26 17 592 7 20 36 21 54 7
internal_value=0.00181277 -0.0193621 -0.00288035 0.013851 0.0324777 0.0382394 -0.0134086 0.0429156 0.0465975 -0.040493 0.0158667 -0.0448694 -0.0150375 0.0500065
internal_weight=109.915 69.7189 39.9395 29.6567 17.6134 40.1966 12.0433 38.2351 36.2534 29.7794 6.89995 26.8804 4.80681 34.8457
internal_count=1730 1087 528 296 170 643 126 617 606 559 53 539 75 599
is_linear=0
shrinkage=0.05


Tree=52
num_leaves=17
num_cat=0
split_feature=12 8 21 2 17 0 8 21 0 2 8 2 11 21 0 1
split_gain=32.4809 8.73218 4.95915 5.71274 4.28694 4.19382 7.88051 3.64018 4.38775 3.60209 3.13566 1.37978 0.646769 0.51814 0.389238 0.353824
threshold=7.0386000000000015 6.5353000000000003 0.013750000000000002 116.50000000000001 0.85075000000000012 141076.00000000003 5.8178500000000009 0.0117 633524.00000000012 110.50000000000001 5.7034000000000011 85.500000000000014 23.747300000000003 0.60320000000000007 96041.000000000015 4.5000000000000009
decision_type=2 2 2 2 2 2 2 2 2 2 2 2 2 2 2 2
left_child=1 2 3 5 -5 6 -1 8 14 -3 -7 -12 -11 -4 -2 -8
right_child=7 9 13 4 -6 10 15 -9 -10 12 11 -13 -14 -15 -16 -17
leaf_value=0.035077362766186511 0.0093719539248471369 -0.014272482098203183 -0.047893495467102393 -0.053048337927186474 0.026668274668110115 -0.018785554029587127 -0.0053262717658707692 -0.0085851570508752428 -0.025195616856286171 0.048323839908360179 0.046119953375753919 0.0012484927591735996 0.0039787920013901121 -0.0039605125556245527 0.047722940978062518 -0.046808979749035744
leaf_weight=3.7241218239069012 1.5761455968022335 3.9173609688878042 19.613626468926672 10.19158178567886 1.2685870081186301 2.9913809560239306 1.1355401352047909 3.3544768132269374 1.5802267156541336 5.2602173201739788 6.0374152772128564 2.6489282995462418 1.4604419842362402 1.148706130683421 32.118591047823429 8.1793963909149152
leaf_count=34 23 26 432 173 8 22 9 24 14 86 58 24 12 16 582 187
internal_value=0.0017184 -0.019074 -0.0268413 -0.0147779 -0.0423907 -0.000630028 -0.0196126 0.0377817 0.0424439 0.0208046 0.0200462 0.034494 0.0410985 -0.0459863 0.0463949 -0.0432434
internal_weight=106.207 67.5773 56.9393 36.177 11.4602 24.7168 13.0391 38.6294 35.275 10.638 11.6777 8.68634 6.72066 20.7623 33.6947 9.31494
internal_count=1730 1087 963 515 181 334 230 643 619 124 104 82 98 448 605 196
is_linear=0
shrinkage=0.05


Tree=53
num_leaves=16
num_cat=0
split_feature=12 18 11 0 18 8 0 21 0 8 17 11 11 8 0
split_gain=30.3871 8.84374 9.92374 6.86249 5.9215 4.41312 3.38502 2.39319 3.06818 2.17581 1.35459 1.32751 2.78924 0.269385 0.0597509
threshold=7.0386000000000015 1.0000000180025095e-35 24.204500000000003 141076.00000000003 1.5000000000000002 5.8309500000000005 496896.00000000006 0.0117 633524.00000000012 6.5507000000000009 0.026350000000000002 28.027300000000004 28.825950000000002 6.4314500000000008 504064.00000000006
decision_type=2 2 2 2 2 2 2 2 2 2 2 2 2 2 2
left_child=1 2 3 5 7 -1 10 8 14 11 -5 -3 -13 -4 -2
right_child=4 9 13 6 -6 -7 -8 -9 -10 -11 -12 12 -14 -15 -16
leaf_value=0.02050635837147886 0.049531433661683937 -0.049681836283645704 -0.046962541193229443 0.0051087087028302853 -0.034524811460382436 -0.042478501355721177 -0.022872843433131826 -0.00085791896515560176 -0.01905688334143046 0 0.044179448745783674 0.02484508211230077 -0.041153819692799472 -0.0041477698858205809 0.010885660101088875
leaf_weight=3.5747791267931479 30.427795182913545 20.385132770985372 8.6435368619859183 3.3245447874069276 1.9086210429668415 6.3789368309080601 1.9068265259265889 2.7378825992345801 1.1471884325146664 2.8890379890799514 13.142995875328777 1.8364552780985821 2.7283918038010597 0.86737771332264024 1.0884772278368462
leaf_count=25 588 464 206 27 26 104 12 14 7 20 144 21 54 10 8
internal_value=0.00167647 -0.0186796 -0.00257034 0.0123022 0.0371928 -0.0195946 0.0299589 0.0420389 0.0457018 -0.0395538 0.0373219 -0.0441395 -0.0140104 -0.0442997 0.0487263
internal_weight=102.988 65.678 37.839 28.3281 37.31 9.95372 18.3744 35.4013 32.6635 27.839 16.4675 24.95 4.56485 9.51091 31.5163
internal_count=1730 1087 528 312 643 129 183 617 603 559 171 539 75 216 596
is_linear=0
shrinkage=0.05


Tree=54
num_leaves=17
num_cat=0
split_feature=12 18 19 3 18 0 3 19 3 8 5 8 21 11 11 21
split_gain=28.5306 8.32965 11.1743 5.82544 5.65234 5.15312 4.20353 3.4081 3.42168 2.12576 1.76137 3.23364 1.75408 1.30605 2.65046 0.557447
threshold=7.0386000000000015 1.0000000180025095e-35 1.0000000180025095e-35 3.5000000000000004 1.5000000000000002 145600.00000000003 7.5000000000000009 1.0000000180025095e-35 1.5000000000000002 6.5507000000000009 1.5000000000000002 6.5086000000000004 0.0033500000000000001 28.027300000000004 28.825950000000002 0.0117
decision_type=2 2 2 2 2 2 2 2 2 2 2 2 2 2 2 2
left_child=1 2 3 5 7 -1 10 8 -2 13 11 -5 -7 -3 -15 -10
right_child=4 9 -4 6 -6 12 -8 -9 15 -11 -12 -13 -14 14 -16 -17
leaf_value=-0.048525237336520213 -0.0095756151798516483 -0.049353516283611773 -0.047721642144414808 -0.034078924771520545 -0.03402950611160465 -0.013001198749653518 -0.026221650712601231 -0.021413408088163988 0.050773170574368788 0 0.051599759425244675 0.038780208728007859 0.032897385526027209 0.024012639582528132 -0.040614447447640874 0.0072819860708518138
leaf_weight=4.7389237470924872 2.2129237726330748 19.523191194981344 9.1501835808157903 1.5851108655333543 1.8554889820516098 2.6828347072005272 1.9460868388414372 1.3832450211048115 29.063844274729494 2.8890379890799514 10.210738904774187 2.6974204443395138 3.9201174601912498 1.8396980874240387 2.6418763846158981 1.4084081202745427
leaf_count=73 14 464 232 16 26 17 13 7 589 20 100 41 36 21 54 7
internal_value=0.00158549 -0.0183612 -0.00256724 0.0132727 0.0366972 -0.013329 0.0316244 0.0415524 0.0449221 -0.0390011 0.0409055 0.00951986 0.0143336 -0.0436963 -0.0136319 0.0492172
internal_weight=99.7491 63.8252 36.9314 27.7812 35.9239 11.3419 16.4394 34.0684 32.6852 26.8938 14.4933 4.28253 6.60295 24.0048 4.48157 30.4723
internal_count=1730 1087 528 296 643 126 170 617 610 559 157 57 53 539 75 596
is_linear=0
shrinkage=0.05


Tree=55
num_leaves=15
num_cat=0
split_feature=12 18 19 3 2 18 0 2 19 8 21 11 11 21
split_gain=26.8203 7.81186 10.552 5.46399 6.20938 5.3999 4.88006 3.46318 3.6851 2.07594 1.64555 1.28425 2.51884 0.563879
threshold=7.0386000000000015 1.0000000180025095e-35 1.0000000180025095e-35 3.5000000000000004 145.50000000000003 1.5000000000000002 145600.00000000003 2.0000000000000004 1.0000000180025095e-35 6.5507000000000009 0.0033500000000000001 28.027300000000004 28.825950000000002 0.0117
decision_type=2 2 2 2 2 2 2 2 2 2 2 2 2 2
left_child=1 2 3 6 -5 7 -1 -2 13 11 -8 -3 -13 -9
right_child=5 9 -4 4 -6 -7 10 8 -10 -11 -12 12 -14 -15
leaf_value=-0.047958638663980341 -0.015664233158471 -0.049022744572309353 -0.047377182908037989 0.049125219877338415 -0.016337914378422701 -0.033541131657489252 -0.012554709784392279 0.050607741368658622 -0.020874964942528468 0 0.032035262551743014 0.023205098634180819 -0.040078671436579137 0.0070803714828338712
leaf_weight=4.5712409913539904 1.9201758578419674 18.699781114235527 8.7727106716483814 11.588700018823145 4.3723443150520316 1.8042454048991192 2.6750971153378487 28.053901217877872 1.3740077912807453 2.8890379890799514 3.8529734760522842 1.8432438410818566 2.5588155947625637 1.4046587496995915
leaf_count=73 11 464 232 134 36 26 17 592 7 20 36 21 54 7
internal_value=0.00149043 -0.0181122 -0.00258508 0.0129288 0.0309916 0.0362241 -0.0130472 0.0410953 0.0451682 -0.038445 0.0138583 -0.0432495 -0.0132644 0.048997
internal_weight=96.3809 61.8239 35.8331 27.0604 15.961 34.557 11.0993 32.7527 30.8326 25.9909 6.52807 23.1018 4.40206 29.4586
internal_count=1730 1087 528 296 170 643 126 617 606 559 53 539 75 599
is_linear=0
shrinkage=0.05


Tree=56
num_leaves=16
num_cat=0
split_feature=18 19 3 8 2 11 2 11 11 21 13 17 3 1 13
split_gain=20.6601 19.6116 7.12064 5.48512 3.26263 3.64768 3.18081 3.15881 2.45953 2.06105 2.05031 1.96565 1.14447 0.68808 0.242619
threshold=1.0000000180025095e-35 1.0000000180025095e-35 1.5000000000000002 6.5353000000000003 117.50000000000001 16.609700000000004 200.50000000000003 12.162600000000003 27.403900000000004 0.046550000000000001 0.064200000000000021 0.88715000000000011 13.500000000000002 7.5000000000000009 4.4943000000000008
decision_type=2 2 2 2 2 2 2 2 2 2 2 2 2 2 2
left_child=1 2 -1 11 5 7 -6 -4 -8 -5 -9 13 -3 14 -2
right_child=3 12 4 9 6 -7 8 10 -10 -11 -12 -13 -14 -15 -16
leaf_value=-0.023220797675542526 -0.047523331485907601 -0.049795146743557242 0.046496732057456129 0.028954645131721041 -0.027672126082689916 0.051746031798623332 0.040428228909962172 -0.030217681224278248 -0.020663614570193382 -0.023468937124330555 0.022414003305543887 0.0068303922568394215 0.0029648288786902621 0 -0.012473487412698403
leaf_weight=4.8053703904151908 21.376102456823006 8.5541162434965337 3.0559343844652158 4.0721535719931117 2.9668789096176607 28.368145536631346 5.7438634000718594 3.5720134172588587 1.3733556009829042 1.9733646512031553 2.1012283377349377 1.6122204177081574 0.83294194750487882 1.0335673168301571 1.7877697497606266
leaf_count=34 514 225 32 54 24 566 87 60 18 13 25 26 12 22 18
internal_value=0.00139192 0.0183304 0.0304538 -0.030655 0.0363928 0.0431691 0.00936733 0.0123282 0.0269304 0.0102307 -0.0095373 -0.0404428 -0.0447975 -0.043937 -0.0456533
internal_weight=93.229 61.3738 51.9868 31.8552 47.1814 37.0973 10.0841 8.72918 7.11722 6.04552 5.67324 25.8097 9.38706 24.1974 23.1639
internal_count=1730 1083 846 647 812 683 129 117 105 67 85 580 237 554 532
is_linear=0
shrinkage=0.05


Tree=57
num_leaves=17
num_cat=0
split_feature=12 18 19 18 3 2 2 19 21 2 6 18 5 21 11 17
split_gain=23.9831 6.80989 9.35552 4.90253 4.83818 5.71789 3.22289 3.41078 3.08963 2.53353 1.98942 5.96883 0.835211 0.582674 0.245318 0.138485
threshold=7.0386000000000015 1.0000000180025095e-35 1.0000000180025095e-35 1.5000000000000002 3.5000000000000004 145.50000000000003 2.0000000000000004 1.0000000180025095e-35 0.0033500000000000001 9.5000000000000018 1.0000000180025095e-35 1.5000000000000002 1.0000000180025095e-35 0.0117 26.557950000000002 0.038800000000000008
decision_type=2 2 2 2 2 2 2 2 2 2 2 2 2 2 2 2
left_child=1 2 4 6 8 15 -2 13 12 -10 11 14 -1 -8 -3 -6
right_child=3 10 -4 -5 5 -7 7 -9 9 -11 -12 -13 -14 -15 -16 -17
leaf_value=-0.047637146192004647 -0.014566641817998695 0.0049249197829302734 -0.046690270321476969 -0.032437904752215065 0.019258468667069074 -0.015897956867279153 0.050233606031419548 -0.019418518729405268 -0.019667276831834817 0.042183485530539029 -0.050278864909596516 -0.045246058253313189 -0.005539537639944199 0.006458575718306438 0.033621922152436146 0.05283960784835922
leaf_weight=3.5474266484379786 1.905762262642386 2.1272776424884796 8.0688658095896226 1.6927494592964638 2.5256210006773463 4.3018355444073668 25.752680402249105 1.3533553257584561 2.1114340014755726 2.61256093531847 13.294267993420362 6.8035757187753916 2.3845821358263493 1.3839211910963047 2.1478582695126534 8.3342037312686426
leaf_count=61 11 25 232 26 25 36 592 7 19 29 331 187 17 7 16 109
internal_value=0.00134195 -0.0176566 -0.0027455 0.0354778 0.0120311 0.0295035 0.0403321 0.0445434 -0.0127984 0.0150589 -0.0372657 -0.0183664 -0.0346762 0.0484877 0.0239309 0.0477337
internal_weight=90.348 58.2595 33.8865 32.0885 25.8177 15.1617 30.3957 28.49 10.656 4.72399 24.373 11.0787 5.93201 27.1366 4.27514 10.8598
internal_count=1730 1087 528 643 296 170 617 606 126 48 559 228 78 599 41 134
is_linear=0
shrinkage=0.05


Tree=58
num_leaves=17
num_cat=0
split_feature=12 18 11 18 5 4 11 2 11 6 18 2 13 12 8 11
split_gain=22.5053 6.42993 7.55433 4.68723 3.7302 3.31331 4.47532 3.11483 2.70736 1.94832 5.69405 1.26249 0.92677 1.86333 0.31476 0.231218
threshold=7.0386000000000015 1.0000000180025095e-35 24.204500000000003 1.5000000000000002 1.5000000000000002 1.5000000000000002 13.943400000000002 2.0000000000000004 13.104050000000003 1.0000000180025095e-35 1.5000000000000002 145.50000000000003 0.026200000000000005 7.5300000000000002 6.4314500000000008 26.557950000000002
decision_type=2 2 2 2 2 2 2 2 2 2 2 2 2 2 2 2
left_child=1 2 4 7 5 6 -1 -2 -6 10 15 -10 13 -9 -4 -3
right_child=3 9 14 -5 8 -7 -8 12 11 -11 -12 -13 -14 -15 -16 -17
leaf_value=0.020713023123475099 -0.014116751335725208 0.0047517838601083559 -0.045501930304277897 -0.031971645539965711 -0.011599877724026889 0.035131673830016814 -0.047090355820577773 -0.015601580273713569 0.045050327961181337 -0.049960905712089491 -0.04488363340144591 0.00046135272705209133 0.049207796198454029 0.036669086187865865 -0.0017907255491459925 0.032710702865335575
leaf_weight=2.9305403269827384 1.9001856297254622 2.1308905184268951 7.1516154427081338 1.6473043672740448 2.9302436709403983 2.0954896844923487 5.8769879005849361 1.8085124976933027 9.0890569873154146 12.730568125844002 6.5305842533707619 2.1799040213227263 21.816689226776361 3.698248665779829 0.77686857432126988 2.1257336586713791
leaf_count=39 11 25 206 26 16 38 106 25 99 331 187 14 519 62 10 16
internal_value=0.00125982 -0.0173636 -0.00271463 0.035005 0.0107928 -0.0103904 -0.0242086 0.0398788 0.0270009 -0.0367843 -0.0178904 0.0375731 0.0441762 0.0189746 -0.0424592 0.0232321
internal_weight=87.4194 56.5485 33.0307 30.8709 25.1022 10.903 8.80753 29.2236 14.1992 23.5178 10.7872 11.269 27.3235 5.50676 7.92848 4.25662
internal_count=1730 1087 528 643 312 183 145 617 129 559 228 113 606 87 216 41
is_linear=0
shrinkage=0.05


Tree=59
num_leaves=19
num_cat=0
split_feature=12 8 11 18 21 18 5 21 21 8 1 8 11 11 8 1 17 16
split_gain=21.1351 8.20073 4.33697 6.40371 3.37364 3.23523 3.07024 3.44656 3.0525 2.67825 2.45799 2.42098 1.84178 1.80475 1.32367 0.502539 0.224634 0.151788
threshold=7.3598000000000008 6.5786000000000007 24.102100000000004 1.0000000180025095e-35 0.69615000000000016 1.0000000180025095e-35 1.5000000000000002 0.0033500000000000001 0.010300000000000002 6.2980500000000008 3.5000000000000004 5.6916500000000001 14.979000000000001 24.631950000000003 6.4830000000000014 8.5000000000000018 0.031150000000000001 200704.00000000003
decision_type=2 2 2 2 2 2 2 2 2 2 2 2 2 2 2 2 2 2
left_child=1 2 3 6 -5 15 7 14 12 -7 -3 -4 -8 -12 -1 -2 -9 -11
right_child=5 10 11 4 -6 9 8 16 -10 17 13 -13 -14 -15 -16 -17 -18 -19
leaf_value=-0.04663116419069168 0.051126817991103135 -0.024959837842647544 0.016704644859830597 -0.045869658982657741 0.033012234917652566 -0.036830029157402452 -0.001100517998799492 0.031020317987315211 -0.017722204603778539 0.033700874383127251 0.047128057155045651 -0.046881306610443589 0.044159957384043075 -0.005345533533161596 0.0048032453113099399 0.0033100615773300635 0.0010044958730005612 0.0021754465969138536
leaf_weight=4.827806534245612 17.965396136045463 1.1388918757438649 1.0276205260306621 11.568797454237934 0.73037625849247056 1.6512874029576767 2.7138015665113908 1.5706620290875437 3.2714820466935626 2.07057822868228 6.4838428869843465 16.163859646767378 7.4064578823745251 1.6462921425700185 1.156306631863117 0.94629569724202056 1.3965462818741796 1.015667703002691
leaf_count=98 453 6 19 332 5 16 17 22 20 44 140 416 74 14 9 13 20 12
internal_value=0.00120655 -0.0142963 -0.0221072 -0.0111444 -0.0386793 0.0404192 0.00480621 -0.0165054 0.0195558 0.00178111 0.0267958 -0.0420963 0.0325659 0.0365332 -0.0367119 0.0492717 0.0219676 0.027621
internal_weight=84.752 61.1027 51.8337 34.6422 12.2992 23.6492 22.3431 8.95132 13.3917 4.73753 9.26903 17.1915 10.1203 8.13014 5.98411 18.9117 2.96721 3.08625
internal_count=1730 1192 1032 597 337 538 260 149 111 72 160 435 91 154 107 466 42 56
is_linear=0
shrinkage=0.05


Tree=60
num_leaves=19
num_cat=0
split_feature=12 8 2 2 2 17 18 8 0 8 1 21 11 17 8 1 0 0
split_gain=19.9022 7.63874 4.44824 5.10214 6.41834 3.85762 3.12092 2.95957 3.70931 2.55314 2.34892 2.28604 1.75337 1.70792 0.703475 0.499996 0.0795861 0.0418142
threshold=7.3598000000000008 6.5786000000000007 116.50000000000001 2.0000000000000004 39.500000000000007 0.93110000000000015 1.0000000180025095e-35 5.8178500000000009 141076.00000000003 6.2980500000000008 3.5000000000000004 0.43905000000000005 24.631950000000003 0.23835000000000003 5.9201000000000006 8.5000000000000018 355304.00000000006 148992.00000000003
decision_type=2 2 2 2 2 2 2 2 2 2 2 2 2 2 2 2 2 2
left_child=1 2 3 14 17 11 15 13 -9 -8 -3 -4 -12 -6 -1 -2 -11 -5
right_child=6 10 5 4 7 -7 9 8 -10 16 12 -13 -14 -15 -16 -17 -18 -19
leaf_value=-0.047919515383758882 0.050914794745617123 -0.024366083483367211 -0.052710856447206883 0.013242087759793953 -0.011580539069731832 0.02978629782619659 -0.03623098070512646 -0.042086953221575379 0.0051605594390576395 0.03273331827666983 0.046725841156275129 0.013135371647609527 -0.0051784068863721232 0.046289167087731065 0 0.0032316894135495048 0.0040807587650049182 0.044760271619638428
leaf_weight=6.8824952952563754 17.162658501416452 1.1328349113464335 15.127196865156296 1.7532972097396875 1.4949322342872648 1.0097424685955037 1.6121902912855137 9.1889241356402618 6.3913409281522027 1.9254380166530611 6.2277768813073635 0.92141194641590196 1.6467156521975992 1.9228807650506494 0.82032410986721505 0.94506481662392516 1.0977360345423219 4.8813845664262772
leaf_count=149 453 6 384 34 22 5 16 269 77 42 140 4 14 18 14 13 14 56
internal_value=0.001216 -0.0139833 -0.0216301 -0.0102424 0.000767457 -0.0418076 0.0400416 -0.013965 -0.0232612 0.00171727 0.0261857 -0.0480884 0.0359478 0.0229537 -0.043333 0.0489872 0.0271725 0.0399115
internal_weight=82.1443 59.4013 50.3939 33.3356 25.6328 17.0584 22.7431 18.9981 15.5803 4.63536 9.00733 16.0486 7.87449 3.41781 7.70282 18.1077 3.02317 6.63468
internal_count=1730 1192 1032 639 476 393 538 386 346 72 160 388 154 40 163 466 56 90
is_linear=0
shrinkage=0.05


Tree=61
num_leaves=18
num_cat=0
split_feature=12 8 19 18 18 21 3 3 21 8 11 1 16 11 1 13 16
split_gain=18.7262 7.10877 4.06423 6.88003 3.01 2.90562 2.85123 3.16353 3.26406 2.43534 2.29855 2.24431 2.16933 1.70313 0.497289 0.196489 0.183695
threshold=7.3598000000000008 6.5786000000000007 1.0000000180025095e-35 1.0000000180025095e-35 1.0000000180025095e-35 0.69615000000000016 1.5000000000000002 7.5000000000000009 0.0029000000000000002 6.2980500000000008 28.027300000000004 3.5000000000000004 172288.00000000003 24.631950000000003 8.5000000000000018 4.4943000000000008 206080.00000000003
decision_type=2 2 2 2 2 2 2 2 2 2 2 2 2 2 2 2 2
left_child=1 2 3 6 14 10 -1 8 -8 -6 15 -3 -12 -13 -2 -5 -11
right_child=4 11 -4 5 9 -7 7 -9 -10 16 12 13 -14 -15 -16 -17 -18
leaf_value=-0.029004176185739729 0.050701430873655133 -0.023787660045683147 -0.049221830962052883 -0.048975374805193282 -0.035644588906427105 0.032063843557342715 0.0032142868699743333 -0.033276984876871425 0.049109956623730855 0.033138341965835094 0.033708531482506521 0.046321435812675289 -0.032433532083807122 -0.0050164995312853115 0.0031551715046442101 -0.0038693578346969239 0.00085451383423134134
leaf_weight=3.70655579119921 16.396713424474008 1.1268315315246562 9.4959242269396764 13.691760655492548 1.5741954520344723 0.7159489132463922 9.8629851415753382 2.0226383432745925 5.8508982658386222 1.996800694614649 1.4566671010106795 5.9829817861318588 1.5019514821469782 1.6471344046294687 0.94386737421154876 0.67603980936110097 0.96845716983079899
leaf_count=29 453 6 302 422 16 5 134 14 65 45 17 140 35 14 13 9 11
internal_value=0.00124415 -0.0136556 -0.0211418 -0.0132163 0.0396593 -0.0351498 0.00575991 0.014452 0.0225181 0.00166712 -0.0397981 0.0255808 0 0.0353625 0.0486992 -0.0475683 0.0267299
internal_weight=79.6184 57.7383 48.9814 39.4854 21.88 18.0424 21.4431 17.7365 15.7139 4.53945 17.3264 8.75695 2.95862 7.63012 17.3406 14.3678 2.96526
internal_count=1730 1192 1032 730 538 488 242 213 199 72 483 160 52 154 466 431 56
is_linear=0
shrinkage=0.05


Tree=62
num_leaves=13
num_cat=0
split_feature=18 19 3 6 18 5 3 3 8 8 3 11
split_gain=14.3485 14.2037 5.76738 4.97293 8.23488 4.59458 4.15163 3.68134 2.77397 4.41648 1.21403 0.524695
threshold=1.0000000180025095e-35 1.0000000180025095e-35 1.5000000000000002 1.0000000180025095e-35 1.5000000000000002 1.5000000000000002 10.500000000000002 7.5000000000000009 6.5086000000000004 5.9646000000000008 14.500000000000002 19.880200000000002
decision_type=2 2 2 2 2 2 2 2 2 2 2 2
left_child=1 2 -1 4 6 8 11 -7 9 -4 -3 -2
right_child=3 10 5 -5 -6 7 -8 -9 -10 -11 -12 -13
leaf_value=-0.021025430498455091 0.0070412316307075732 -0.048188854588601567 0.030252283613837506 -0.049972775433733491 -0.044847696652943102 0.050871320166143909 -0.030274479033365748 -0.0044508099980184275 0.037420662715500888 -0.039576384303341816 0.0070871098355269353 0.052253211114857458
leaf_weight=4.5583709217607966 1.4223571084439752 6.9128901753574601 2.8497546929866058 12.324943512678146 6.4492721483111382 24.830848952755336 1.6182862389832733 3.0444830656051627 3.3894435949623585 4.5150161199271679 0.69201225787401188 4.6378039009869099
leaf_count=34 13 228 60 349 200 575 14 28 72 77 9 71
internal_value=0.00121068 0.0167458 0.0279858 -0.0279603 -0.00639225 0.0342801 0.026777 0.0447111 0.00531344 -0.0115724 -0.0423388 0.0448502
internal_weight=77.2455 50.7928 43.1879 26.4527 14.1277 38.6295 7.67845 27.8753 10.7542 7.36477 7.6049 6.06016
internal_count=1730 1083 846 647 298 812 98 603 209 137 237 84
is_linear=0
shrinkage=0.05


Tree=63
num_leaves=14
num_cat=0
split_feature=12 21 18 6 19 0 5 4 18 12 12 1 16
split_gain=16.8474 6.22081 6.44291 6.31279 5.41822 4.53717 3.91113 3.13718 2.85274 2.35155 1.88645 0.483747 0.0894713
threshold=7.3598000000000008 0.013750000000000002 1.5000000000000002 1.0000000180025095e-35 1.0000000180025095e-35 536720.00000000012 1.5000000000000002 1.5000000000000002 1.0000000180025095e-35 5.7061500000000009 7.8020500000000004 8.5000000000000018 176384.00000000003
decision_type=2 2 2 2 2 2 2 2 2 2 2 2 2
left_child=1 2 4 -3 5 6 7 -1 11 -8 -10 -2 -12
right_child=8 3 -4 -5 -6 -7 9 -9 10 -11 12 -13 -14
leaf_value=-0.016559595362909619 0.050373307481642149 0.026493333119367014 -0.044122937244709372 -0.04837745021242347 -0.043348658023637243 -0.040424844090194804 -0.012698722064732918 0.039818824592414342 -0.030022762596504205 0.045434545572444307 0.030701277975912052 0.0029815513681743892 0.0021107216614477211
leaf_weight=7.7652115151286214 15.045783029869199 2.6351094283163556 6.0873462762683621 15.478623367846012 3.3468254376202813 2.1742190308868876 1.403999127447604 2.4313033539801836 1.6778197810053814 13.119617225602267 1.6778590977191927 0.92637517303228456 0.93149090185761441
leaf_count=134 453 18 207 466 102 24 12 44 21 185 42 13 9
internal_value=0.0011498 -0.0133089 -0.000990881 -0.0364077 0.00866569 0.0166398 0.0232298 -0.000314195 0.0390378 0.0390367 0.00111496 0.0482568 0.0252928
internal_weight=74.7016 54.4423 36.3285 18.1137 30.2412 26.8944 24.7201 10.1965 20.2593 14.5236 4.28717 15.9722 2.60935
internal_count=1730 1192 708 484 501 399 375 178 538 197 72 466 51
is_linear=0
shrinkage=0.05


Tree=64
num_leaves=17
num_cat=0
split_feature=12 8 2 2 2 17 13 2 1 16 11 17 12 8 19 16
split_gain=15.915 6.03581 4.01845 4.35546 5.33379 3.22488 2.96801 2.48739 1.96774 1.68804 1.50636 1.08395 0.960408 0.80282 0.56979 0.15498
threshold=7.3598000000000008 6.5786000000000007 116.50000000000001 2.0000000000000004 39.500000000000007 0.93110000000000015 4.2172500000000008 97.500000000000014 3.5000000000000004 316672.00000000006 24.631950000000003 0.019250000000000003 5.613500000000001 6.0033000000000003 1.0000000180025095e-35 3840.0000000000005
decision_type=2 2 2 2 2 2 2 2 2 2 2 2 2 2 2 2
left_child=1 2 3 13 -5 11 7 -6 -3 14 -10 -4 -13 -1 15 -2
right_child=9 8 5 4 6 -7 -8 -9 10 -11 -12 12 -14 -15 -16 -17
leaf_value=-0.046526673343110905 0.0085500242015179844 -0.022056378856532444 0.00019195506572776519 0.038568552777892458 -0.034609791975509487 0.02691952760394303 0.03599221102978855 0.0048088971083009059 0.045268489552578346 -0.0079343999168848874 -0.0044107270162418374 0 -0.053442010544237951 0.0016112557350922863 0 0.045925923722250239
leaf_weight=6.0636832863092449 1.1496539879590368 1.0814542770385722 0.92830880731343945 6.0770237576216486 9.6803193707019108 0.91122172772884447 1.7492871899157751 5.7262022141367188 5.3664603773504496 1.3224372975528229 1.5581673868000505 0.77668363228440185 12.406056951731442 0.68724963255226601 0.80639944970607658 16.235165046527982
leaf_count=152 27 6 15 90 247 5 13 126 140 13 14 15 358 11 4 494
internal_value=0.00109708 -0.0130883 -0.0202785 -0.0089184 0.00163437 -0.040669 -0.012577 -0.020254 0.0245398 0.0386373 0.0343129 -0.046857 -0.0503026 -0.0414055 0.0425204 0.0443257
internal_weight=72.5258 53.0121 45.006 29.9838 23.2328 15.0223 17.1558 15.4065 8.00608 19.5137 6.92463 14.111 13.1827 6.75093 18.1912 17.3848
internal_count=1730 1192 1032 639 476 393 386 373 160 538 154 388 373 163 525 521
is_linear=0
shrinkage=0.05


Tree=65
num_leaves=17
num_cat=0
split_feature=12 8 3 3 1 17 11 18 8 3 16 8 16 1 16 0
split_gain=14.9016 5.64889 3.83298 3.50333 3.60903 3.30377 2.92838 2.81358 2.06902 1.95938 1.64287 1.39103 0.912722 0.499941 0.382201 0.19323
threshold=7.3598000000000008 6.5353000000000003 7.5000000000000009 1.5000000000000002 4.5000000000000009 0.88715000000000011 13.943400000000002 1.0000000180025095e-35 6.2980500000000008 3.5000000000000004 74240.000000000015 5.8178500000000009 8960.0000000000018 8.5000000000000018 92416.000000000015 390912.00000000006
decision_type=2 2 2 2 2 2 2 2 2 2 2 2 2 2 2 2
left_child=1 2 3 14 12 6 -6 13 -9 -3 -11 -4 -5 -2 -1 -10
right_child=7 9 11 4 5 -7 -8 8 15 10 -12 -13 -14 -15 -16 -17
leaf_value=-0.04548827673003103 0.050009490173255636 -0.010457248145132943 0 0.045447407402329491 0.031353829337003217 0.048788779941239306 -0.025865532652395731 -0.034234554269066589 0.031433426127233655 -0.0060523666534169716 0.044964702748619634 -0.050624105103551177 0.0022957888779352206 0.0022661686095917155 -0.010175860771839075 0
leaf_weight=5.2762487418949631 13.813948981463909 3.0345588792115432 1.349674506112932 3.2224517278373268 1.6610784456133902 1.0470189005136479 14.935854833573101 1.4854294098913658 1.7760161608457568 1.6038365848362444 5.2538708504289389 9.9148168470710498 2.2451227772980928 0.90053600445389825 2.1367852035909891 0.8908100202679633
leaf_count=134 453 36 27 30 28 6 369 16 46 13 131 350 29 13 39 10
internal_value=0.00110818 -0.0127521 -0.0208009 -0.0106884 -0.00039538 -0.0117402 -0.0183983 0.0380579 0.000182725 0.0195784 0.033145 -0.0446903 0.031596 0.0477359 -0.0383233 0.024825
internal_weight=70.5481 51.6813 41.7891 30.5246 23.1115 17.644 16.5969 18.8667 4.15226 9.89227 6.85771 11.2645 5.46757 14.7145 7.41303 2.66683
internal_count=1730 1192 1012 635 462 403 397 538 72 180 144 377 59 466 173 56
is_linear=0
shrinkage=0.05


Tree=66
num_leaves=14
num_cat=0
split_feature=12 21 6 3 19 0 21 3 16 8 12 3 5
split_gain=13.9912 5.47901 5.72317 4.81089 3.73073 3.2483 3.18633 3.7706 1.59211 0.592297 0.978452 0.636199 0.0301864
threshold=7.3598000000000008 0.013750000000000002 1.0000000180025095e-35 8.5000000000000018 1.0000000180025095e-35 514016.00000000006 1.0000000180025095e-35 3.5000000000000004 316672.00000000006 6.1762000000000006 7.7862500000000017 6.5000000000000009 7.5000000000000009
decision_type=2 2 2 2 2 2 2 2 2 2 2 2 2
left_child=1 3 -3 4 5 6 7 -1 9 10 11 -2 -5
right_child=8 2 -4 12 -6 -7 -8 -9 -10 -11 -12 -13 -14
leaf_value=-0.02202804579659284 0.015700850216029891 0.025344561755514416 -0.047326974875084006 -0.043578762259665837 -0.04032274075911331 -0.03735687485791505 0.047565781219473094 0.023054144252417988 -0.0075880898546410074 0.049525104471542437 0.035555366589822772 -0.021754734438483414 -0.004861770342603911
leaf_weight=6.1389427557587757 1.3492904026061361 2.5435437373816976 13.999939696863294 4.4431883282959452 2.5932060275226823 1.841916188597678 6.2080401126295319 12.16051037609577 1.3111142441630352 11.015771502628921 3.3411554452031851 1.1515851244330404 0.63132323138415802
leaf_count=98 45 18 466 148 92 25 116 214 13 364 100 16 15
internal_value=0.00114292 -0.0123598 -0.035061 -0.00049085 0.00761291 0.0138152 0.019171 0.00731354 0.0376639 0.0416912 0.0211092 -0.00140574 -0.0411784
internal_weight=68.7295 50.5606 16.5435 34.0171 28.9426 26.3494 24.5075 18.2995 18.1689 16.8578 5.84203 2.50088 5.07451
internal_count=1730 1192 484 708 545 453 428 312 538 525 161 61 163
is_linear=0
shrinkage=0.05


Tree=67
num_leaves=18
num_cat=0
split_feature=12 19 18 3 3 5 12 18 21 11 16 12 1 17 12 13 16
split_gain=13.2029 5.21483 8.01903 3.32306 3.28155 4.45064 3.01269 2.71826 2.28331 2.45274 1.69895 1.62656 0.501724 0.253162 0.176254 0.150711 0.0697737
threshold=7.3598000000000008 1.0000000180025095e-35 1.0000000180025095e-35 1.5000000000000002 7.5000000000000009 1.5000000000000002 6.4389000000000012 1.0000000180025095e-35 0.69615000000000016 28.027300000000004 191232.00000000003 7.8020500000000004 8.5000000000000018 0.8670000000000001 5.7061500000000009 4.4943000000000008 176384.00000000003
decision_type=2 2 2 2 2 2 2 2 2 2 2 2 2 2 2 2 2
left_child=1 2 3 -1 5 6 -5 12 9 13 -11 -9 -2 15 -7 -4 -13
right_child=7 -3 8 4 -6 14 -8 11 -10 10 -12 16 -14 -15 -16 -17 -18
leaf_value=-0.024623691769346538 0.049581543588593055 -0.047613514642362388 -0.046678178542597058 -0.022707614121333555 -0.029835144108829894 0.0091813640676312834 0.032152233780233859 -0.029246683599766329 0.029734755980150268 0.03015310287074946 -0.028605728614955542 0.028566167472262774 0.0017384668045276879 -0.0082843332486425957 0.050857537276966708 -0.002808362114785874 0.0018467534688735507
leaf_weight=3.7931249141693142 12.708642859011889 7.6337822638452044 11.586179286241535 5.0091565661132389 1.8781432062387455 1.0834544003009785 3.2883843686431646 1.6117109358310693 0.67915491200983424 1.7963568028062575 1.1738633979111908 1.4512953609228136 0.87560552358627397 1.3574458528310049 9.4662928674370033 0.58289180882275182 0.91713471338152874
leaf_count=31 453 302 404 97 14 7 70 21 5 28 29 42 13 32 164 9 9
internal_value=0.00108395 -0.0121511 -0.00457811 0.0134785 0.0214945 0.0281069 0 0.0371753 -0.0299524 -0.0342545 0.0043156 0 0.0471712 -0.0427821 0.0481758 -0.0453293 0.0233238
internal_weight=66.8926 49.3282 41.6944 24.5186 20.7254 18.8473 8.29754 17.5644 17.1759 16.4967 2.97022 3.98014 13.5842 13.5265 10.5497 12.1691 2.36843
internal_count=1730 1192 890 383 352 338 167 538 507 502 57 72 466 445 171 413 51
is_linear=0
shrinkage=0.05


Tree=68
num_leaves=15
num_cat=0
split_feature=12 19 18 3 3 5 12 6 18 18 12 1 12 16
split_gain=12.4618 4.97458 7.48541 3.11232 3.10896 4.23607 2.81702 2.75777 5.58984 2.61697 1.55048 0.496546 0.173461 0.0666774
threshold=7.3598000000000008 1.0000000180025095e-35 1.0000000180025095e-35 1.5000000000000002 7.5000000000000009 1.5000000000000002 6.4389000000000012 1.0000000180025095e-35 1.5000000000000002 1.0000000180025095e-35 7.8020500000000004 8.5000000000000018 5.7061500000000009 176384.00000000003
decision_type=2 2 2 2 2 2 2 2 2 2 2 2 2 2
left_child=1 2 3 -1 5 6 -5 8 -4 11 -11 -2 -7 -12
right_child=9 -3 7 4 -6 12 -8 -9 -10 10 13 -13 -14 -15
leaf_value=-0.023867420195696987 0.04934997022991236 -0.047254194739339034 0.033001297058728764 -0.021918748545057373 -0.029093028445922171 0.008966227092419227 0.031478676167126386 -0.047718640466540257 -0.041367306035708429 -0.028651933797383917 0.028171561777837823 0.0016983990579209553 0.050299706835996716 0.001803062688091087
leaf_weight=3.7504376880824593 12.148721903562546 7.3227278646081677 3.7828838378190994 4.967052694410091 1.8558294214308251 1.0781094580888737 3.214112414047122 8.5632378701120615 4.3375777043402195 1.5843658484518521 1.4130241852253678 0.87505414336919862 9.1127848252654058 0.91663482785224903
leaf_count=31 453 302 37 97 14 7 70 300 170 21 42 13 164 9
internal_value=0.0010554 -0.0119402 -0.00447896 0.0131194 0.021014 0.0275741 0 -0.0293663 -0.00635492 0.0367638 0 0.0468543 0.0475657 0.0229556
internal_weight=64.9226 47.9848 40.662 23.9783 20.2279 18.3721 8.18117 16.6837 8.12046 16.9378 3.91402 13.0238 10.1909 2.32966
internal_count=1730 1192 890 383 352 338 167 507 207 538 72 466 171 51
is_linear=0
shrinkage=0.05


Tree=69
num_leaves=18
num_cat=0
split_feature=12 18 19 8 5 21 3 3 17 2 21 11 11 5 11 11 17
split_gain=11.7782 6.057 7.74135 2.7214 2.6863 3.52137 2.48024 3.92816 2.4649 1.2765 1.00825 0.519342 0.35521 0.353892 0.0548509 0.816087 0.0490845
threshold=7.5602000000000009 1.0000000180025095e-35 1.0000000180025095e-35 6.5086000000000004 1.5000000000000002 0.0033500000000000001 7.5000000000000009 1.5000000000000002 0.8670000000000001 5.5000000000000009 0.51615000000000011 16.609700000000004 32.236500000000007 7.5000000000000009 28.027300000000004 28.825950000000002 0.031150000000000001
decision_type=2 2 2 2 2 2 2 2 2 2 2 2 2 2 2 2 2
left_child=1 2 3 4 5 -1 7 -6 10 -2 13 -5 -11 14 -3 -16 -7
right_child=9 8 -4 11 6 16 -8 -9 -10 12 -12 -13 -14 -15 15 -17 -18
leaf_value=-0.044381793950850512 -0.010691857960976816 -0.046418468774132783 -0.045627093108767294 0 -0.018467238096321816 0.027576523032715357 -0.026548476421978686 0.04518485345863793 0.015017113140209868 0.046158154770103654 0.0084876037821453778 0.044498822098578722 0.0044163576400151712 -0.0026332500309269639 0.0039162361700352637 -0.036431804347785791 0.0031768074737066028
leaf_weight=4.0917414352297881 0.63282012939453025 11.724030072800824 5.4896606467664233 0.9395282194018354 2.6372153647243959 1.2773958072066309 1.664549633860587 7.3684426620602608 1.8040111754089583 12.077047590166329 0.60662364028394122 6.0392325632274151 1.0449105463922013 1.0010193698108185 1.5470833312720054 1.9038323145359752 1.133573757484555
leaf_count=81 8 436 234 7 18 22 12 109 35 439 18 172 22 23 22 53 19
internal_value=0.00100813 -0.0104659 0.00316956 0.0153487 0.00411089 -0.0195129 0.01817 0.0278 -0.0322144 0.0403385 -0.0381317 0.0398026 0.0437364 -0.0405634 -0.0424389 -0.0204041 0.0218649
internal_weight=62.9827 49.2279 30.6413 25.1517 18.1729 6.50271 11.6702 10.0057 18.5866 13.7548 16.7826 6.97876 13.122 16.176 15.1749 3.45092 2.41097
internal_count=1730 1261 674 440 261 122 139 127 587 469 552 179 461 534 511 75 41
is_linear=0
shrinkage=0.05


Tree=70
num_leaves=16
num_cat=0
split_feature=12 19 8 2 2 17 3 8 1 11 2 8 8 1 11
split_gain=11.0838 5.30796 4.96209 3.71079 5.28492 2.36031 2.06054 2.21589 1.38283 1.85199 1.24066 1.00438 0.795439 0.417095 0.28287
threshold=7.5602000000000009 1.0000000180025095e-35 6.5086000000000004 104.50000000000001 2.0000000000000004 0.87375000000000014 8.5000000000000018 6.1660500000000011 3.5000000000000004 24.631950000000003 5.5000000000000009 5.7034000000000011 5.9780500000000005 8.5000000000000018 32.236500000000007
decision_type=2 2 2 2 2 2 2 2 2 2 2 2 2 2 2
left_child=1 2 3 4 12 11 7 -6 -4 -10 -2 -5 -1 14 -12
right_child=10 -3 8 5 6 -7 -8 -9 9 -11 13 -13 -14 -15 -16
leaf_value=-0.044548402252040542 -0.010491491253474651 -0.047415024107829211 -0.010808788371351923 0.00019445538640234432 0.03403238134414581 0.021880876996789853 -0.029140014003378185 -0.0038511830211837642 0.044497426799435663 -0.0074219522314925152 0.047459331306191739 -0.051046202606075092 0.0027910029018317394 0.0017276031851104199 0.0016025945743334174
leaf_weight=5.0487773502245608 0.63178486377000709 7.0643151011317959 1.4338790699839581 0.85225412435829273 9.0754326377064007 0.78545466437935907 1.5028949100524176 5.6022519525140515 6.684796115383504 1.6806189995259044 11.097861178219313 7.4354177443310618 0.68019243143498886 0.89880715310573656 0.65345944836735803
leaf_count=151 8 305 9 18 161 6 67 127 181 17 430 206 13 17 14
internal_value=0.000964709 -0.0102982 -0.00276821 -0.0127073 -0.000883643 -0.0378401 0.0136509 0.0199305 0.0264601 0.0338542 0.0397683 -0.045785 -0.0386053 0.0432294 0.0456271
internal_weight=61.1282 47.8463 40.782 30.9827 21.9095 9.07313 16.1806 14.6777 9.79929 8.36542 13.2819 8.28767 5.72897 12.6501 11.7513
internal_count=1730 1261 956 749 519 230 355 288 207 198 469 224 164 461 444
is_linear=0
shrinkage=0.05


Tree=71
num_leaves=19
num_cat=0
split_feature=12 19 8 2 2 8 0 17 1 11 16 16 12 8 8 12 0 2
split_gain=10.4518 4.3138 3.83096 3.22336 4.79254 2.60307 3.33926 2.32476 1.75399 1.73218 1.4194 1.15279 1.11488 0.848278 0.660732 0.870612 0.320902 0.0832049
threshold=7.3598000000000008 1.0000000180025095e-35 6.5086000000000004 104.50000000000001 2.0000000000000004 5.8767000000000005 141076.00000000003 0.93110000000000015 3.5000000000000004 24.631950000000003 316672.00000000006 18688.000000000004 5.8306500000000012 6.011400000000001 6.1762000000000006 7.7862500000000017 260592.00000000003 274.00000000000006
decision_type=2 2 2 2 2 2 2 2 2 2 2 2 2 2 2 2 2 2
left_child=1 2 3 4 13 12 -7 11 -4 -10 14 -5 -6 -1 15 16 -2 -18
right_child=10 -3 8 7 5 6 -8 -9 9 -11 -12 -13 -14 -15 -16 -17 17 -19
leaf_value=-0.044117820103075633 -0.017784132532564442 -0.046171274658868618 -0.020482312232869022 0.0063322928510658799 -0.00017486568425196221 -0.032636467206707973 0.022639252677313006 0.022447918543128605 0.043152218933201369 -0.0076397903979689751 -0.0077604426925513004 -0.0505571783685837 0.045372150947282114 0.0047839926877046831 0.048350325124882992 0.032747524875005013 0.015801831163542442 0
leaf_weight=4.8835163712501588 1.0640904288738959 6.4861426176503292 1.1273284107446651 0.59620430041104366 1.4629916129633773 4.3174388110637647 4.5861441399902105 0.75241751968860615 5.8812449984252453 1.6595307774841783 1.238192070275544 7.1708380319178104 4.7246033437550068 0.61953104101121415 9.0323292613029462 2.7751824054867029 0.59258903749287106 0.57995110005140305
leaf_count=153 18 302 7 18 26 150 69 5 160 16 13 203 73 10 364 100 29 14
internal_value=0.000893183 -0.0113951 -0.00425943 -0.0130585 -0.00160179 0.0128785 -0.00424859 -0.0371501 0.0230707 0.0318031 0.0353091 -0.0453958 0.0353814 -0.0379545 0.0397021 0.0178346 -0.00352512 0.00934323
internal_weight=59.5503 44.2679 37.7818 29.1137 20.5942 15.0912 8.90358 8.51946 8.6681 7.54078 15.2823 7.76704 6.18759 5.50305 14.0441 5.01181 2.23663 1.17254
internal_count=1730 1192 890 707 481 318 219 226 183 176 538 221 99 163 525 161 61 43
is_linear=0
shrinkage=0.05


Tree=72
num_leaves=18
num_cat=0
split_feature=21 6 19 3 11 21 5 17 8 0 8 0 17 16 17 16 17
split_gain=8.1665 6.526 5.90213 4.36971 3.49045 1.47507 1.73355 1.09526 1.09339 0.81109 2.96302 0.983092 0.356504 0.113265 0.0990258 0.0356874 0.0136387
threshold=0.013750000000000002 1.0000000180025095e-35 1.0000000180025095e-35 9.5000000000000018 16.748600000000003 1.0000000180025095e-35 1.5000000000000002 0.16945000000000002 5.8650000000000011 127732.00000000001 5.8767000000000005 514016.00000000006 0.026950000000000005 8448.0000000000018 0.67110000000000014 207616.00000000003 0.94455000000000011
decision_type=2 2 2 2 2 2 2 2 2 2 2 2 2 2 2 2 2
left_child=2 -2 3 4 5 6 -1 -5 -7 10 13 15 -3 -6 -12 -11 -14
right_child=1 12 -4 7 9 8 -8 -9 -10 11 14 -13 16 -15 -16 -17 -18
leaf_value=-0.039045501630053721 0.032802860463533472 -0.007200403579309532 -0.043112487243816264 0.0086935821410304859 0.009489634350580466 -0.010057669672936248 0.007521547249198561 -0.039439957093384645 0.036948969514339361 0.041122635989222708 -0.030709947090514673 -0.0015749604184178414 -0.049391240979480749 0.049204921764790931 0 0.013998582753996361 -0.0060710539139422854
leaf_weight=2.9078892953693849 2.5287212207913372 1.2731177285313613 3.4270906364545217 1.0286109521985047 1.230511963367465 1.2308336608111861 3.2557227984070778 2.9604461714625359 2.199338287115097 18.064706675708301 1.5478448849171402 1.2439835742115963 10.249546596780416 1.4419474545866249 0.65370364487171162 2.0671533755958071 0.59077711589634496
leaf_count=64 19 38 132 20 26 14 35 114 41 657 38 21 423 17 27 33 11
internal_value=0.000874632 -0.0301047 0.0119165 0.0177133 0.023392 -0.00186908 -0.0161337 -0.0267714 0.0204902 0.0325377 0.00991731 0.0367983 -0.0451181 0.0398432 -0.0259463 0.0393684 -0.0481648
internal_weight=57.9019 14.6422 43.2598 39.8327 35.8436 9.59378 6.16361 3.98906 3.43017 26.2499 4.87401 21.3758 12.1134 2.67246 2.20155 20.1319 10.8403
internal_count=1730 491 1239 1107 973 154 99 134 55 819 108 711 472 43 65 690 434
is_linear=0
shrinkage=0.05


Tree=73
num_leaves=21
num_cat=0
split_feature=12 18 19 5 11 12 21 21 2 16 11 11 2 8 16 12 1 11 13 5
split_gain=9.51982 5.07285 6.35003 2.2435 3.0688 2.2807 2.15905 2.01411 1.77657 1.51536 1.23688 1.43127 1.16833 0.84865 0.531926 0.422857 0.397899 0.29454 0.18349 0.121377
threshold=7.5602000000000009 1.0000000180025095e-35 1.0000000180025095e-35 1.5000000000000002 10.331200000000003 6.4389000000000012 0.92765000000000009 0.0033500000000000001 145.50000000000003 111616.00000000001 28.027300000000004 28.825950000000002 5.5000000000000009 6.7084500000000009 103168.00000000001 5.4270500000000004 8.5000000000000018 32.236500000000007 4.4943000000000008 7.5000000000000009
decision_type=2 2 2 2 2 2 2 2 2 2 2 2 2 2 2 2 2 2 2 2
left_child=1 2 3 5 -5 7 10 -1 15 -10 13 -12 -2 18 -7 -6 17 -14 19 -3
right_child=12 6 -4 4 8 14 -8 -9 9 -11 11 -13 16 -15 -16 -17 -18 -19 -20 -21
leaf_value=-0.042566827748661835 -0.010243762941578478 -0.047832996631381547 -0.044054343818961117 -0.030863863901637902 0.00074006734959241205 -0.00072491300571193471 0.029317044145751443 0.014004646595591209 -0.031498497424154184 0.022530179478319992 0.021070305958111119 -0.029034587835646514 0.046647212704923398 0.00078471679373531486 0.034312830438791048 0.046487489910635206 0.0010449423292436851 0.0006389445955189805 -0.0011875714200909621 -0.0037266122863891479
leaf_weight=3.5296556819230371 0.61974770948290725 10.660201222635806 4.7017350383102885 1.2488214075565327 0.80250050127506156 1.2014249935746195 0.59576922655105491 1.6385977379977701 1.1249222904443734 2.3131967503577471 1.6636129487305873 2.0207085032016039 9.9575718063861078 0.82734121009707529 2.0450595580041409 8.9497889894992095 0.84583872556686479 0.61735576577484685 0.51554397679865438 0.5905739255249508
leaf_count=78 8 470 234 10 5 24 3 32 11 58 24 61 430 6 50 172 17 14 9 14
internal_value=0.000812603 -0.00992329 0.00325765 0.0146395 0.0260494 -0.00509538 -0.0307062 -0.0244576 0.0335853 0.000611759 -0.034762 -0.00567465 0.0385345 -0.0418604 0.0230517 0.043607 0.0421957 0.0446805 -0.0450772 -0.0464191
internal_weight=56.47 44.4295 27.5557 22.854 14.4392 8.41474 16.8738 5.16825 13.1904 3.43812 16.278 3.68432 12.0405 12.5937 3.24648 9.75229 11.4208 10.5749 11.7663 11.2508
internal_count=1730 1261 674 440 256 184 587 110 246 69 584 85 469 499 74 177 461 444 493 484
is_linear=0
shrinkage=0.05


Tree=74
num_leaves=20
num_cat=0
split_feature=12 3 21 6 8 5 21 0 12 11 8 2 3 13 11 12 12 11 11
split_gain=8.9698 4.57854 3.83161 3.70611 2.65203 2.14267 3.75599 2.69001 1.69816 1.32806 1.32551 1.26344 0.878918 0.447823 0.428549 0.203073 0.100027 0.0344983 0.00549208
threshold=7.6222000000000003 7.5000000000000009 0.013750000000000002 1.0000000180025095e-35 6.4884000000000013 1.5000000000000002 0.0033500000000000001 514016.00000000006 5.4270500000000004 28.122350000000004 6.5507000000000009 73.500000000000014 1.5000000000000002 1.0000000180025095e-35 16.257150000000003 7.6860500000000007 7.6325000000000012 24.849600000000006 32.236500000000007
decision_type=2 2 2 2 2 2 2 2 2 2 2 2 2 2 2 2 2 2 2
left_child=1 2 4 -4 5 6 9 8 -7 -1 11 -3 -2 -5 -6 16 -14 -16 -17
right_child=12 10 3 13 14 7 -8 -9 -10 -11 -12 -13 15 -15 17 18 -18 -19 -20
leaf_value=-0.046065794759189607 -0.0072445488607272984 0.00061694527202497311 0.031813997867136602 -0.001779021202574772 0.00078136889359520483 -0.021069880276151996 0.031732660331866114 -0.033516949548298682 0.032066288052377205 0.01126685217300686 0.0054193673282581364 -0.049310626784001992 0.017465000324697624 -0.045525413219347444 0.041660244084942649 0.04766044510406349 0 0.0057300918215470583 0.0085156173298397506
leaf_weight=5.13207276165486 0.4951719157397737 1.2185561852529625 1.3371589258313159 0.99046860449016083 1.1666410975158203 0.96492339111864467 1.7425966523587701 1.5256799804046739 8.0903141032904369 0.6420361092314123 1.2071788758039463 7.9740354102104902 0.664030635729431 6.2622638987377286 4.9154319558292627 8.1306261811405385 0.84760269895195961 0.76668510027229775 0.82557266950607378
leaf_count=166 5 32 11 32 9 10 34 22 155 19 9 355 30 235 177 372 24 13 20
internal_value=0.000770512 -0.00939656 0 -0.0270915 0.00989522 -0.000340854 -0.0196025 0.013422 0.0243746 -0.0382306 -0.0367714 -0.0427905 0.0393141 -0.0410965 0.034178 0.0423922 0.0101255 0.0391435 0.045772
internal_weight=54.899 43.936 33.5363 8.58989 24.9464 18.0976 7.51671 10.5809 9.05524 5.77411 10.3998 9.19259 10.963 7.25273 6.84876 10.4678 1.51163 5.68212 8.9562
internal_count=1730 1279 883 278 605 406 219 187 165 185 396 387 451 267 199 446 54 190 392
is_linear=0
shrinkage=0.05


Tree=75
num_leaves=15
num_cat=0
split_feature=12 18 19 3 3 6 5 18 4 17 3 12 12 11
split_gain=8.46432 4.71863 5.52169 4.99708 2.27007 1.52844 1.34657 2.49941 2.15816 1.34095 0.858757 0.199269 0.0975373 0.00843727
threshold=7.6222000000000003 1.5000000000000002 1.0000000180025095e-35 1.5000000000000002 7.5000000000000009 1.0000000180025095e-35 1.5000000000000002 1.0000000180025095e-35 1.5000000000000002 0.26745000000000008 1.5000000000000002 7.6860500000000007 7.6325000000000012 32.236500000000007
decision_type=2 2 2 2 2 2 2 2 2 2 2 2 2 2
left_child=1 2 3 5 6 -1 8 -8 -5 -6 -2 12 -12 -13
right_child=10 -3 -4 4 9 -7 7 -9 -10 -11 11 13 -14 -15
leaf_value=0.00055775995249001927 -0.0071257852151683926 -0.044437103817816542 -0.045202542853256977 -0.0095275019131234283 0.010913761509631675 -0.042923328398944256 0.045494932530367183 -0.0034823527736441481 0.043713855849511055 -0.037739329249527255 0.017232612145010689 0.047360723713758254 0 0.0083397384149993901
leaf_weight=2.8581446539610651 0.49492651224136253 6.812747777439653 5.0580740179866543 5.6898966245353284 1.975907429121434 4.3248645877465606 9.6421044282615167 3.0275077261030665 1.6432972420006988 1.7704893611371515 0.65309919789433368 7.7879857793450338 0.84760269895195961 0.82201450876891602
leaf_count=22 5 333 246 135 18 152 235 62 42 34 30 372 24 20
internal_value=0.000791204 -0.00919014 -0.00136198 0.00684138 0.0179751 -0.0270572 0.0246133 0.0340271 0.00561738 -0.0141324 0.0388264 0.0419647 0.00993975 0.0454111
internal_weight=53.4087 42.803 35.9903 30.9322 23.7492 7.18301 20.0028 12.6696 7.33319 3.7464 10.6056 10.1107 1.5007 8.61
internal_count=1730 1279 946 700 526 174 474 297 177 52 451 446 54 392
is_linear=0
shrinkage=0.05


Tree=76
num_leaves=15
num_cat=0
split_feature=18 21 19 6 11 2 2 5 11 3 11 2 17 2
split_gain=7.54768 6.91377 5.53731 5.27882 3.83436 3.2321 3.07517 2.40011 1.8727 0.580586 0.487178 0.447809 0.40564 0.358516
threshold=1.5000000000000002 0.013750000000000002 1.0000000180025095e-35 1.0000000180025095e-35 16.748600000000003 119.50000000000001 39.500000000000007 4.5000000000000009 9.2073500000000017 1.5000000000000002 13.943400000000002 203.50000000000003 0.026950000000000005 88.500000000000014
decision_type=2 2 2 2 2 2 2 2 2 2 2 2 2 2
left_child=1 2 4 -3 6 9 8 11 -1 -6 -10 -7 -5 -8
right_child=-2 3 -4 12 5 7 13 -9 10 -11 -12 -13 -14 -15
leaf_value=-0.022591791478355661 -0.044555695587688314 0.031032887146827906 -0.040100849097538999 -0.0034234588148959592 0 -0.029765142235123859 -0.04774447097561569 0.034614208476586444 0.03970060930411317 0.050528167098766431 0.0013017793387125776 0 -0.046308349528329448 -0.0034476520419570917
leaf_weight=1.3026242945343272 6.8300728164613238 2.4038352333009216 2.5994558092206708 1.0453494274988768 0.792364582419398 1.88481812365353 1.7910712454468014 3.0754143530502915 3.4022393114864826 14.791947554796932 1.4447002355009315 2.1642920821905136 7.4229717571288347 1.056732479482889
leaf_count=16 338 19 105 34 7 20 49 84 44 604 29 51 319 11
internal_value=0.000749117 0.00852322 0.0195439 -0.024547 0.0256633 0.0362213 -0.00144193 0.00626593 0.0176142 0.0484107 0.0312906 -0.0168663 -0.0424633 -0.0377746
internal_weight=52.0079 45.1778 34.3057 10.8722 31.7062 22.7088 8.99737 7.12452 6.14956 15.5843 4.84694 4.04911 8.46832 2.8478
internal_count=1730 1392 1020 372 915 766 149 155 89 611 73 71 353 60
is_linear=0
shrinkage=0.05


Tree=77
num_leaves=17
num_cat=0
split_feature=12 18 8 2 3 13 0 5 8 1 3 12 16 11 12 1
split_gain=7.68768 4.23481 2.99114 3.35692 4.58009 2.6477 2.52296 1.73316 1.48051 1.04606 0.819982 0.585719 0.453873 0.2531 0.182891 0.248858
threshold=7.6222000000000003 1.5000000000000002 6.5786000000000007 116.50000000000001 1.5000000000000002 0.011450000000000002 122028.00000000001 5.5000000000000009 5.4405500000000009 3.5000000000000004 1.5000000000000002 5.8306500000000012 92416.000000000015 24.631950000000003 7.7667500000000009 5.5000000000000009
decision_type=2 2 2 2 2 2 2 2 2 2 2 2 2 2 2 2
left_child=1 2 3 4 12 6 -6 8 -5 -4 -2 -7 -1 -11 15 -12
right_child=10 -3 9 7 5 11 -8 -9 -10 13 14 -13 -14 -15 -16 -17
leaf_value=-0.041502588570044532 -0.0068401886174168413 -0.04377386196656162 -0.0067160669919993548 0.014839197291664556 -0.034077361697126808 0 0.01815110648079659 0.0046062889163126204 -0.05048783836126728 0.041744124949890007 0.022383678894601869 0.043629038181419583 -0.0047175518923157252 0.0032981093553149606 0.045496590684858756 -0.0034850528470990634
leaf_weight=3.6124602667987409 0.49066979065537353 6.2667175065726033 1.2257844582200039 0.41496565751731207 2.8542059119790775 1.1210072636604307 4.7344655599445105 1.9286135053262112 6.1046512294560671 3.8676339387893677 0.96214328799396553 5.6989146135747433 1.7759729539975522 0.99232155084609974 7.6355538601055741 0.81312500312924385
leaf_count=127 5 333 8 7 143 15 91 33 204 155 53 116 38 9 375 18
internal_value=0.000643112 -0.00906716 -0.00153069 -0.0086817 0.00265966 0.0175122 -0.00259112 -0.0332561 -0.0442445 0.0274943 0.0380951 0.0379917 -0.0327975 0.0366498 0.0413502 0.011747
internal_weight=50.4992 40.5977 34.331 28.2453 19.797 14.4086 7.58867 8.44823 6.51962 6.08574 9.90149 6.81992 5.38843 4.85996 9.41082 1.77527
internal_count=1730 1279 946 774 530 365 234 244 211 172 451 131 165 164 446 71
is_linear=0
shrinkage=0.05


Tree=78
num_leaves=15
num_cat=0
split_feature=12 18 19 1 2 8 5 8 21 21 12 13 2 2
split_gain=7.25507 4.59478 5.45195 4.41816 2.54094 3.34001 1.27257 1.22437 1.23668 1.14867 1.12391 1.05088 0.445273 0.0123206
threshold=7.7667500000000009 1.5000000000000002 1.0000000180025095e-35 3.5000000000000004 117.50000000000001 6.5507000000000009 1.0000000180025095e-35 5.7034000000000011 0.019850000000000003 0.0033500000000000001 5.8306500000000012 0.70680000000000009 7.5000000000000009 408.00000000000006
decision_type=2 2 2 2 2 2 2 2 2 2 2 2 2 2
left_child=1 2 3 7 6 11 9 -1 -9 -5 -8 -6 -2 -14
right_child=12 -3 -4 4 5 -7 10 8 -10 -11 -12 -13 13 -15
leaf_value=-0.04150190119725268 0 -0.043915930814156179 -0.044920737523748665 -0.011490448901535987 5.1997080944845794e-05 0.035275367996342226 -0.0068301020922603402 0.022209836370085556 -0.027811581724354734 0.031105110635656925 0.041849911843817124 -0.040501316329267276 0.046455443585735605 0.004190705676024099
leaf_weight=3.6395663125440505 0.4761935044080009 6.2976684812456361 4.7807056484743944 3.1640397915616658 2.1813862994313231 2.4212684892117977 0.8443518877029409 1.7471560146659615 1.2451460771262644 1.5178442299365995 10.446813464164732 3.2042318508028984 6.7320870412513614 0.49479546025395382
leaf_count=126 13 338 247 99 24 67 14 20 39 29 269 79 357 9
internal_value=0.000626815 -0.00780506 -0.000170046 0.00791165 0.0180589 -0.00447661 0.0289825 -0.0254168 0 0.00448287 0.0375433 -0.0258568 0.0422954 0.0450306
internal_weight=49.1933 41.4902 35.1925 30.4118 23.7799 7.80689 15.973 6.63187 2.9923 4.68188 11.2912 5.38562 7.70308 7.22688
internal_count=1730 1351 1013 766 581 170 411 185 59 128 283 103 379 366
is_linear=0
shrinkage=0.05


Tree=79
num_leaves=15
num_cat=0
split_feature=18 21 19 6 11 2 2 5 17 2 17 2 11 17
split_gain=6.42098 5.97644 4.79463 4.73206 3.52075 2.91606 2.83387 2.09185 1.38275 0.401997 0.390148 0.324454 0.146205 0.00470665
threshold=1.5000000000000002 0.013750000000000002 1.0000000180025095e-35 1.0000000180025095e-35 16.748600000000003 39.500000000000007 119.50000000000001 4.5000000000000009 0.013850000000000001 203.50000000000003 0.026950000000000005 88.500000000000014 13.104050000000003 0.94455000000000011
decision_type=2 2 2 2 2 2 2 2 2 2 2 2 2 2
left_child=1 2 4 -3 5 8 -6 9 -1 -8 -5 -7 -10 -12
right_child=-2 3 -4 10 6 11 7 -9 12 -11 13 -13 -14 -15
leaf_value=-0.018232872245379016 -0.043577699067601096 0.029267466509794345 -0.03861570123061181 -0.0026922655947425292 0.047459368622701954 -0.047174156684416074 -0.028173212766734491 0.033480771982562066 0.034492193147009284 0 -0.047052603795138065 -0.0036320866530058895 0.0050054131902026074 -0.0045283545289156969
leaf_weight=1.2166795600205711 6.0434290878474703 2.3216420933604223 2.3814968308433881 0.98171482142060984 14.02560952678323 1.7163182459771635 1.7809059508144849 2.8635379690676928 3.2735840771347284 2.0331290103495121 6.324125993065536 1.0384580083191393 1.3754532206803558 0.50081383623182762
leaf_count=14 338 19 105 34 611 49 20 84 44 51 308 11 31 11
internal_value=0.000566056 0.00792846 0.0186251 -0.0237714 0.0245589 -0.00173223 0.035312 0.00628793 0.0173149 -0.0158034 -0.0416447 -0.0374307 0.0290838 -0.0455486
internal_weight=47.8769 41.8335 31.7052 10.1283 29.3237 8.62049 20.7032 6.67757 5.86572 3.81403 7.80665 2.75478 4.64904 6.82494
internal_count=1730 1392 1020 372 915 149 766 155 89 71 353 60 75 319
is_linear=0
shrinkage=0.05


Tree=80
num_leaves=16
num_cat=0
split_feature=12 18 21 6 18 0 5 21 12 12 12 3 1 13 21
split_gain=6.64226 2.9916 3.29684 3.27419 2.08698 2.06643 3.51828 2.63852 1.60681 1.26954 0.83792 0.636494 0.434638 0.186267 0.0367553
threshold=7.3598000000000008 1.5000000000000002 0.013750000000000002 1.0000000180025095e-35 1.0000000180025095e-35 536720.00000000012 1.5000000000000002 0.0033500000000000001 5.7061500000000009 6.3870000000000013 7.8020500000000004 7.5000000000000009 8.5000000000000018 0.37240000000000006 0.038550000000000008
decision_type=2 2 2 2 2 2 2 2 2 2 2 2 2 2 2
left_child=1 2 5 -4 12 6 7 9 -8 -1 -6 -10 -2 -12 -5
right_child=4 -3 3 14 10 -7 8 -9 11 -11 13 -13 -14 -15 -16
leaf_value=-0.040632814010449721 0.046755980755593021 -0.042163479482065801 0.020447696076102168 -0.011880417094781779 -0.02487127048757717 -0.033775945974349457 -0.013239795080819945 0.03280175126608998 0.04293713484440595 0 0 0.00050145551546353073 0 0.024047179524335605 -0.045810130518961552
leaf_weight=3.6341514354571789 7.7206920897588116 5.1539180437102905 2.0246319733560068 1.4012225726619361 1.2837234511971467 1.693039746955036 1.1188587769865979 1.7922247666865585 7.9137498838826996 3.4280392853543162 0.69991171732544888 1.2744879154488442 0.70748896710574616 1.0142583996057508 5.718575119972229
leaf_count=156 453 323 18 37 21 31 12 47 180 65 14 10 13 37 313
internal_value=0.000441179 -0.0103027 -0.00348406 -0.0270552 0.0320667 0.00738781 0.0127678 -0.00947808 0.0314686 -0.0235657 -0.00206076 0.0381687 0.0436672 0.0160493 -0.0420338
internal_weight=46.579 35.1529 29.999 9.14443 11.4261 20.8546 19.1615 8.85442 10.3071 7.06219 2.99789 9.18824 8.42818 1.71417 7.1198
internal_count=1730 1192 869 368 538 501 470 268 202 221 72 190 466 51 350
is_linear=0
shrinkage=0.05


Tree=81
num_leaves=14
num_cat=0
split_feature=18 19 3 2 8 16 5 5 21 21 21 3 21
split_gain=5.7596 5.22471 6.31989 2.52987 3.11775 1.63166 1.61416 1.42844 1.21938 1.14446 1.04292 1.71542 0.796674
threshold=1.5000000000000002 1.0000000180025095e-35 1.5000000000000002 117.50000000000001 6.5353000000000003 23296.000000000004 1.0000000180025095e-35 5.5000000000000009 0.057650000000000007 0.0019500000000000001 0.0033500000000000001 3.5000000000000004 0.47695000000000004
decision_type=2 2 2 2 2 2 2 2 2 2 2 2 2
left_child=1 2 9 6 5 -5 10 -7 -8 -1 11 -4 -3
right_child=-2 12 3 4 -6 7 8 -9 -10 -11 -12 -13 -14
leaf_value=-0.00035644467669500963 -0.042919316714360896 -0.043327204296842531 -0.034390366247824058 0.02370418306804481 0.036407730943525722 -0.045420455954557515 0.046963790333995989 0.0071890418236270756 0 -0.041253637782330141 0.031274591798311657 0.022560226370464495 0.0047758728212603796
leaf_weight=3.1031364053487769 5.5841806884855023 4.1842453591525546 1.8456803942099278 0.8555369582027178 2.9780598012730479 3.3748578215017915 13.201476882211862 1.2718721432611344 1.5871981950476755 3.7257166625931859 1.5889955498278139 1.4550825543701646 0.59505166113376606
leaf_count=26 338 246 57 24 87 66 590 25 30 153 37 48 3
internal_value=0.000368285 0.00747319 0.0144955 0.0249694 0.00120678 -0.0197456 0.0344144 -0.0314121 0.0423178 -0.0257273 0.00653558 -0.00871398 -0.0366829
internal_weight=45.3511 39.7669 34.9876 28.1588 8.48033 5.50227 19.6784 4.64673 14.7887 6.82885 4.88976 3.30076 4.7793
internal_count=1730 1392 1143 964 202 115 762 91 620 179 142 105 249
is_linear=0
shrinkage=0.05


Tree=82
num_leaves=16
num_cat=0
split_feature=12 19 18 3 3 5 21 21 21 18 2 12 12 1 2
split_gain=6.01604 3.34905 4.28474 1.62432 1.76646 2.64585 1.67575 1.55385 1.29737 2.65371 0.874178 0.538629 0.139946 0.103526 0.00839624
threshold=7.6222000000000003 1.0000000180025095e-35 1.0000000180025095e-35 1.5000000000000002 7.5000000000000009 1.5000000000000002 0.0033500000000000001 0.92765000000000009 0.0019500000000000001 1.5000000000000002 5.5000000000000009 5.4270500000000004 7.6860500000000007 5.5000000000000009 408.00000000000006
decision_type=2 2 2 2 2 2 2 2 2 2 2 2 2 2 2
left_child=1 2 3 -1 5 6 -5 8 9 -4 -2 -7 13 -12 -14
right_child=10 -3 7 4 -6 11 -8 -9 -10 -11 12 -13 14 -15 -16
leaf_value=-0.014919952447973162 -0.010531071018101409 -0.043810320355209653 0.021139379719590762 -0.016640701031932607 -0.019285720243574 0 0.031879258342241194 0.026129540111364799 -0.044400755826386196 -0.037157973235115924 0.016124470045314362 0.046653158639000686 0.044770990843518189 -0.001085737079133637 0.0034295724238277581
leaf_weight=3.3951647710055175 0.37698325887322237 4.7426438601687542 2.8603372722864115 4.2575835743918997 1.7043067999184121 0.77481153607368458 1.6896746549755333 0.55551424622535783 5.7171071292832494 2.9337919941172004 0.61027865204960086 7.0812487341463566 6.2330706026405096 0.65924610011279583 0.45524979010224331
leaf_count=33 4 306 37 122 17 5 47 3 303 176 39 230 384 15 9
internal_value=0.00032241 -0.00868816 -0.00195105 0.0125506 0.0194073 0.0255025 0 -0.0242728 -0.0289988 -0.00876736 0.0362604 0.0428257 0.0399634 0.00844379 0.0434194
internal_weight=44.047 35.7122 30.9695 18.9028 15.5076 13.8033 5.94726 12.0668 11.5112 5.79413 8.33483 7.85606 7.95785 1.26952 6.68832
internal_count=1730 1279 973 454 421 404 169 519 516 213 451 235 447 54 393
is_linear=0
shrinkage=0.05


Tree=83
num_leaves=19
num_cat=0
split_feature=12 9 0 0 18 18 13 2 5 8 12 8 12 8 8 1 0 8
split_gain=5.68924 2.62687 2.91908 2.02635 1.9379 1.92661 1.79093 1.57501 1.8642 0.931544 0.749063 0.673171 0.607764 0.507648 0.481447 0.402793 0.167122 0.142218
threshold=7.3598000000000008 1.0000000180025095e-35 127732.00000000001 504064.00000000006 1.0000000180025095e-35 1.0000000180025095e-35 4.4116500000000007 117.50000000000001 5.5000000000000009 6.2980500000000008 5.8727500000000008 6.7084500000000009 6.5810500000000012 5.190500000000001 6.4524000000000008 8.5000000000000018 514016.00000000006 4.6972000000000014
decision_type=2 2 2 2 2 2 2 2 2 2 2 2 2 2 2 2 2 2
left_child=1 2 6 4 7 15 11 10 -9 -7 -4 13 -6 17 -5 -2 -11 -1
right_child=5 -3 3 14 12 9 -8 8 -10 16 -12 -13 -14 -15 -16 -17 -18 -19
leaf_value=-0.013175630467598495 0.046023857057335388 0.043611390992370241 -0.0020671128130620702 -0.038358735165598616 -0.032842775311033127 -0.027750915743832479 0.016207047923631174 -0.033226731401706559 0.02697786026955076 0.023653092816804309 0.034189789330634261 0.0059435680929303862 0 -0.043820968763885866 0 0 0 0.0070222080004009556
leaf_weight=0.72516531217843361 6.8896809518337232 1.1582334507256735 1.2916575130075232 2.7052218401804562 2.0698765087872735 1.1152753680944445 1.06872347742319 2.0749903116375199 1.1992800030857327 1.0413578199222682 6.9948358135297894 0.39885409176349718 2.2465640576556325 9.3531957399100047 0.72111622989177693 0.6744349356740712 0.64052419364452351 0.55225872434675694
leaf_count=32 453 21 20 90 132 16 15 52 44 48 169 2 34 556 7 13 8 18
internal_value=0.000309506 -0.00993799 -0.0133524 -0.000687926 0.00700119 0.0309923 -0.0315826 0.0175757 -0.00885298 -0.00253559 0.0283858 -0.0375912 -0.0183589 -0.0400251 -0.03098 0.0428229 0.0164335 -0.00299894
internal_weight=42.9212 32.56 31.4017 19.3035 15.8772 10.3613 12.0982 11.5608 3.27427 2.79716 8.28649 11.0295 4.31644 10.6306 3.42634 7.56412 1.68188 1.27742
internal_count=1730 1192 1171 548 451 538 623 285 96 72 189 608 166 606 97 466 56 50
is_linear=0
shrinkage=0.05


Tree=84
num_leaves=15
num_cat=0
split_feature=12 18 21 6 8 5 8 16 1 4 3 17 12 1
split_gain=5.40565 3.44766 3.64124 3.04665 2.00445 1.55241 2.47766 1.73092 1.5215 0.565476 0.542652 0.387642 0.385739 0.06254
threshold=7.7667500000000009 1.5000000000000002 0.013750000000000002 1.0000000180025095e-35 6.5786000000000007 1.5000000000000002 5.9263500000000011 353024.00000000006 2.5000000000000004 1.5000000000000002 1.5000000000000002 0.026950000000000005 5.8727500000000008 3.5000000000000004
decision_type=2 2 2 2 2 2 2 2 2 2 2 2 2 2
left_child=1 2 4 -4 5 6 12 8 -7 -8 -2 -5 -1 -6
right_child=10 -3 3 11 13 7 9 -9 -10 -11 -12 -13 -14 -15
leaf_value=-0.00068787682338015499 -0.0030518100146978734 -0.042001071955969749 0.019839764603491416 -0.0016988240238121365 0.0064350524477606273 -0.023102095824894725 -0.039622733502149857 -0.028288955537240403 0.027562026644449428 0.00031114801596255357 0.043248328373803241 -0.045907289225707845 0.033838654369222142 0.040664422812466287
leaf_weight=0.78989438712597859 0.34020109847187896 5.0092634353786698 1.9378549791872481 0.87882176134735335 0.96465638279914756 0.85739749483764072 4.0463667577132583 1.1754590766504396 8.8081303993239981 0.75977592077106226 5.8841177420690656 5.7064114511013031 1.2054738998413084 3.4971627714112401
leaf_count=37 4 338 18 34 16 11 134 23 217 13 375 318 32 160
internal_value=0.00032328 -0.00736367 -0.000391589 -0.0265438 0.0101883 0.0016026 -0.0155104 0.0131645 0.0208543 -0.0334823 0.0399535 -0.0416685 0.0228349 0.0367125
internal_weight=41.861 35.6367 30.6274 8.52309 22.1043 17.6425 6.80151 10.841 9.66553 4.80614 6.22432 6.58523 1.99537 4.46182
internal_count=1730 1351 1013 370 643 467 216 251 228 147 379 352 69 176
is_linear=0
shrinkage=0.05


Tree=85
num_leaves=15
num_cat=0
split_feature=12 19 18 6 18 12 21 1 17 11 3 2 0 2
split_gain=5.10497 3.43786 4.36816 2.01719 3.43217 1.78033 1.23349 1.18978 0.941141 0.864138 0.945423 0.632208 0.471562 0.0375287
threshold=7.7667500000000009 1.0000000180025095e-35 1.0000000180025095e-35 1.0000000180025095e-35 1.5000000000000002 6.491200000000001 0.0029000000000000002 4.5000000000000009 0.14150000000000004 16.257150000000003 7.5000000000000009 5.5000000000000009 397740.00000000006 408.00000000000006
decision_type=2 2 2 2 2 2 2 2 2 2 2 2 2 2
left_child=1 2 5 4 -4 6 7 -1 -8 -7 -11 -2 -9 -13
right_child=11 -3 3 -5 -6 9 8 12 -10 10 -12 13 -14 -15
leaf_value=0.0067539660037158264 -0.0064915832892437717 -0.043604671973733425 0.027906908471890042 -0.043710523035449748 -0.036923418973193421 -0.0016463770688787674 0.035830903625826541 -0.038163297025190272 -0.0050755482326653141 0.04351747607303199 -0.0016757491900123624 0.044489093228665622 0.00023681745132733787 0.0023785700340590472
leaf_weight=3.3027203530073219 0.26122339814901252 4.5045250351540735 3.3363648541271669 5.3084331271238625 2.8422569809481502 1.4177847411483506 2.2173913456499581 2.5643364228308205 1.7822881601750848 5.7824034737423062 1.0563180446624754 5.3158992705866694 0.68831062503159035 0.42953860014677037
leaf_count=29 3 307 40 305 180 25 37 74 24 306 9 367 15 9
internal_value=0.000284607 -0.00724244 -0.000456225 -0.0237526 -0.0022086 0.0139979 0 -0.0127812 0.0192333 0.0300034 0.0365758 0.0394199 -0.0307166 0.0429014
internal_weight=40.8098 34.8031 30.2986 11.4871 6.17862 18.8116 10.555 6.55537 3.99968 8.25651 6.83872 6.00666 3.25265 5.74544
internal_count=1730 1351 1044 525 220 519 179 118 61 340 315 379 89 376
is_linear=0
shrinkage=0.05


Tree=86
num_leaves=15
num_cat=0
split_feature=18 19 3 3 6 5 18 4 21 21 21 5 11 16
split_gain=4.52241 4.12058 5.21484 1.46025 0.917015 0.862223 1.74419 1.42681 2.23344 0.820105 0.675601 0.600182 0.264741 0.00631736
threshold=1.5000000000000002 1.0000000180025095e-35 1.5000000000000002 7.5000000000000009 1.0000000180025095e-35 1.5000000000000002 1.0000000180025095e-35 1.0000000180025095e-35 0.0033500000000000001 0.0089000000000000017 0.47695000000000004 5.5000000000000009 13.104050000000003 43520.000000000007
decision_type=2 2 2 2 2 2 2 2 2 2 2 2 2 2
left_child=1 2 4 5 -1 7 12 8 -4 -8 -3 13 -7 -5
right_child=-2 10 3 11 -6 6 9 -9 -10 -11 -12 -13 -14 -15
leaf_value=-0.0011887932786702003 -0.041296115822848742 -0.041462925389356267 -0.027952208353551469 -0.0022851363699997736 -0.039456894950402686 0.0047872005916576588 0.02148272781863762 0.03847800734303794 0.030330920938674288 -0.019816545562313007 0.0037073448663147014 0.016950950142524471 0.046799634910560682 -0.018475652543834771
leaf_weight=3.0400739107280996 4.6351504237391046 3.5669925888068965 3.0351431397721234 1.2329650148749345 3.2141211992129683 0.92013829946517844 1.3519322490319603 1.9686196902766822 1.753082334063947 1.4569381410256026 0.58442680537700642 1.3789270948618648 10.146047119982539 1.4671871876344083
leaf_count=26 338 246 109 11 153 5 42 67 58 45 3 27 570 30
internal_value=0.000244499 0.00685761 0.0134884 0.0238124 -0.0242727 0.0290127 0.0361451 0.0109502 -0.00419604 0 -0.0346481 -0.00203983 0.044407 -0.0150495
internal_weight=39.7517 35.1166 30.9652 24.711 6.2542 20.6319 13.8751 6.75685 4.78823 2.80887 4.15142 4.07908 11.0662 2.70015
internal_count=1730 1392 1143 964 179 896 662 234 167 87 249 68 575 41
is_linear=0
shrinkage=0.05


Tree=87
num_leaves=17
num_cat=0
split_feature=18 19 3 2 8 11 2 16 21 2 5 8 21 11 8 0
split_gain=4.2868 3.88021 4.92528 2.11036 2.54047 1.54978 2.22938 1.39335 1.36592 1.3254 1.12032 0.891512 0.658694 0.207011 0.192495 0.0618499
threshold=1.5000000000000002 1.0000000180025095e-35 1.5000000000000002 117.50000000000001 6.5353000000000003 16.609700000000004 39.500000000000007 12544.000000000002 0.022800000000000004 97.500000000000014 5.5000000000000009 6.7084500000000009 0.47695000000000004 17.772450000000003 6.0810000000000004 132352.00000000003
decision_type=2 2 2 2 2 2 2 2 2 2 2 2 2 2 2 2
left_child=1 2 11 5 7 6 -4 -5 -7 -8 -9 13 -3 14 -1 -6
right_child=-2 12 3 4 15 8 9 10 -10 -11 -12 -13 -14 -15 -16 -17
leaf_value=-0.040226146313963096 -0.040928925831480376 -0.040995287080652115 0.033321819958403172 0.023095314399102857 0.0025291863756435333 0.048363271540376916 -0.042882955744100053 -0.042850188806253492 0 0.015343376382609662 0.0056128347206253187 0.0064204555405908944 0.0036373868673808627 0 -0.0014775967661282141 0.038057651126382999
leaf_weight=3.4236847660504308 4.4564058245159677 3.4418850545771411 2.6185960303992095 0.69492355920374294 0.61702877283096347 10.133094647899268 1.5545679163187744 3.0788459097966552 1.5024011675268401 0.77038671914488066 1.1504824319854376 1.3150127977132795 0.5851001739501952 0.67776833102107037 0.72699808981269587 1.9829300260171292
leaf_count=155 338 246 61 19 29 607 57 70 31 6 26 10 3 5 9 58
internal_value=0.000191383 0.00668851 0.0131937 0.0233805 0.000474983 0.0328731 0.00642621 -0.0191694 0.0423159 -0.0232736 -0.0301586 -0.0237513 -0.0340822 -0.0325181 -0.0360146 0.0340596
internal_weight=38.7301 34.2737 30.2467 24.1033 7.52421 16.579 4.94355 4.92425 11.6355 2.32495 4.22933 6.14346 4.02699 4.82845 4.15068 2.59996
internal_count=1730 1392 1143 964 202 762 124 115 638 63 96 179 249 169 164 87
is_linear=0
shrinkage=0.05


Tree=88
num_leaves=17
num_cat=0
split_feature=12 17 18 19 3 2 5 11 21 2 12 5 0 11 2 1
split_gain=4.45219 3.00296 2.19828 2.49349 1.47571 1.98767 1.44262 1.08875 0.888428 0.840096 0.703177 0.30138 0.241123 0.206746 0.121234 0.194853
threshold=7.6222000000000003 0.8670000000000001 1.0000000180025095e-35 1.0000000180025095e-35 1.5000000000000002 145.50000000000003 1.5000000000000002 12.162600000000003 0.57415000000000005 2.0000000000000004 6.8978500000000009 7.5000000000000009 35748.000000000007 22.403700000000004 437.50000000000006 8.5000000000000018
decision_type=2 2 2 2 2 2 2 2 2 2 2 2 2 2 2 2
left_child=1 2 3 4 -1 6 -6 -3 11 -2 -7 12 13 -4 15 -11
right_child=9 7 8 -5 5 10 -8 -9 -10 14 -12 -13 -14 -15 -16 -17
leaf_value=-0.02354259944676327 -0.012111212265432311 -0.004047234363479992 -0.015321689880026355 -0.038591741612560057 0.0006896870350212599 -0.032995135387481514 0.040126301315265692 0.043868108950232597 0.012825947707344153 0.041737066878846776 0.0073292572810323142 0 -0.039996834498326007 0.010954000988493001 0 0
leaf_weight=2.2877346873283484 0.30901522189378638 1.3005401156842702 0.57540554134174637 2.8448844761587671 4.2282295729964954 1.6653446927666657 5.0928047178313136 2.4406005423516035 0.40391291771084148 5.7577412966638803 1.0313397301360963 0.65443118475377637 7.9662073594518006 0.32107982039451599 0.36231828294694413 0.40404687821865071
leaf_count=26 2 35 54 232 138 27 170 48 12 428 48 23 464 2 7 14
internal_value=0.000148251 -0.00804294 -0.0141599 -0.00252063 0.00637881 0.0138298 0.0245215 0.0288162 -0.0317495 0.0340344 -0.0184098 -0.0351564 -0.0373414 -0.00246074 0.0382038 0.0396949
internal_weight=37.6456 30.8125 27.0714 17.1503 14.3055 12.0177 9.32103 3.74114 9.92104 6.83312 2.69668 9.51712 8.86269 0.896485 6.52411 6.16179
internal_count=1730 1279 1196 641 409 383 308 83 555 451 75 543 520 56 449 442
is_linear=0
shrinkage=0.05


Tree=89
num_leaves=14
num_cat=0
split_feature=12 18 21 6 0 5 12 2 4 2 17 3 2
split_gain=4.22181 2.71772 2.84407 2.6152 2.47521 2.61268 2.3942 2.00075 3.01715 0.662595 0.342993 0.341297 0.0243649
threshold=7.7667500000000009 1.5000000000000002 0.013750000000000002 1.0000000180025095e-35 536720.00000000012 1.5000000000000002 5.3896500000000005 35.500000000000007 1.5000000000000002 2.0000000000000004 0.026950000000000005 7.5000000000000009 408.00000000000006
decision_type=2 2 2 2 2 2 2 2 2 2 2 2 2
left_child=1 2 4 -4 5 7 -7 -1 -9 -2 -5 -8 -11
right_child=9 -3 3 10 -6 6 11 8 -10 12 -12 -13 -14
leaf_value=0.028786912304342823 -0.0085967679911700349 -0.040284036501075052 0.018524969414313346 -0.00067319590120355679 -0.034506455458890549 -0.030488301748140559 0.041576834857345923 -0.040337575481114829 0.027058012761465546 0.043363816688290452 -0.044514026592136019 0.0053196874146885682 0.0021297801964549451
leaf_weight=1.9329272313043606 0.21337445080280204 4.1568814767524591 1.8190198466181744 0.76993078272789706 1.832230289466678 0.62337080016732116 8.3273004647344333 4.2579974103718996 1.5152676850557325 4.6344613246619701 4.9287289441563189 1.3953643403947342 0.40582070127129544
leaf_count=61 1 338 18 34 35 7 304 171 50 369 318 15 9
internal_value=0.000131841 -0.00696917 -0.000498888 -0.0249928 0.00927538 0.0155594 0.0309402 -0.00569788 -0.0205273 0.037881 -0.040322 0.037821 0.0417739
internal_weight=36.8127 31.559 27.4021 7.51768 19.8845 18.0522 10.346 7.70619 5.77327 5.25366 5.69866 9.72266 5.04028
internal_count=1730 1351 1013 370 643 608 326 282 221 379 352 319 378
is_linear=0
shrinkage=0.05


Tree=90
num_leaves=15
num_cat=0
split_feature=12 19 8 9 13 17 17 21 16 8 3 11 3 12
split_gain=4.00149 2.76515 2.3348 1.81014 1.39553 1.38819 1.58737 1.22517 0.748734 0.714631 0.65673 0.547374 0.506985 0.276087
threshold=7.7667500000000009 1.0000000180025095e-35 6.5086000000000004 1.0000000180025095e-35 1.0041500000000003 0.08765000000000002 0.93110000000000015 0.0033500000000000001 10496.000000000002 1.0000000180025095e-35 3.5000000000000004 24.631950000000003 1.5000000000000002 7.5536500000000011
decision_type=2 2 2 2 2 2 2 2 2 2 2 2 2 2
left_child=1 2 3 4 5 7 -7 -1 9 -6 -4 -12 -2 -10
right_child=12 -3 10 -5 8 6 -8 -9 13 -11 11 -13 -14 -15
leaf_value=-0.0047713564983587727 -0.0034658151641324395 -0.041758903180151657 0 0.038435714556299704 -0.021595010607596124 -0.030779810595455516 0.016947592916740736 0.036252796475025655 -0.037618269000664332 0.022412483043528417 0.039633503500439531 0 0.041159157979735364 0
leaf_weight=3.0929183214903002 0.32391916960477729 3.8292026720009735 2.163648582994937 0.85055144876241584 0.80186348035931476 4.4787708497606218 1.6446890067309139 2.4057133020833135 5.7682745400816202 0.88383807241916656 3.5198405375704169 0.88323326129466284 4.7503058966249228 0.43936643842607725
leaf_count=112 4 307 39 4 18 273 27 67 263 22 175 13 375 31
internal_value=7.59595e-05 -0.00690422 -0.000452123 -0.00905832 -0.0131446 -0.00117861 -0.0166793 0.0152244 -0.0280874 0 0.023248 0.0325694 0.0373857 -0.0351156
internal_weight=35.8361 30.7619 26.9327 20.366 19.5154 11.6221 6.12346 5.49863 7.89334 1.6857 6.56672 4.40307 5.07423 6.20764
internal_count=1730 1351 1044 817 813 479 300 179 334 40 227 188 379 294
is_linear=0
shrinkage=0.05


Tree=91
num_leaves=17
num_cat=0
split_feature=12 17 18 12 17 19 8 8 1 8 0 17 8 16 1 0
split_gain=3.77501 2.25995 1.59229 1.55157 1.47469 1.8049 1.36399 1.21711 1.59661 0.705877 0.646954 0.636352 0.599988 0.420815 0.288998 0.134795
threshold=7.3598000000000008 0.83690000000000009 1.0000000180025095e-35 6.0767500000000014 0.38905000000000006 1.0000000180025095e-35 6.5086000000000004 6.1614500000000012 3.5000000000000004 6.7862000000000009 13056.000000000002 0.017850000000000001 6.2980500000000008 74240.000000000015 8.5000000000000018 514016.00000000006
decision_type=2 2 2 2 2 2 2 2 2 2 2 2 2 2 2 2
left_child=1 4 14 -3 5 6 7 8 -1 10 -6 -9 -4 -8 -2 -14
right_child=2 3 12 -5 9 -7 13 11 -10 -11 -12 -13 15 -15 -16 -17
leaf_value=-0.028478937308596464 0.043869078232930868 -0.020318223039658564 -0.024654741175318642 0.038030503591404752 0.0066303740248052946 -0.037319220475085804 0 0.0064949026852228241 0.019798825083669112 0.0068744318128019857 -0.041572847099275556 -0.030925387958057316 0.019834768595123845 0.035983463435544587 0 -0.0006840283437965954
leaf_weight=1.3357094824314204 5.1930216252803785 0.75533751631155555 0.94567524455487761 2.9139161892235279 0.30302268918603559 2.6335298963822416 0.76130895689129774 0.82280208636075247 5.2905978341586888 0.48376227822154749 5.7443045927211642 3.8637074856087565 0.79851171094924189 2.1261656479910016 0.56276920437812794 0.56187649257481098
leaf_count=48 453 39 16 70 5 247 11 30 162 19 352 114 48 95 13 8
internal_value=0.000140466 -0.00879595 0.0283228 0.0231692 -0.0147659 -0.00578841 0.00180069 -0.00613549 0.00695329 -0.0334003 -0.0378499 -0.0234895 -0.0040427 0.02776 0.0407092 0.0125423
internal_weight=35.096 27.0342 8.06185 3.66925 23.3649 16.8338 14.2003 11.3128 6.62631 6.53109 6.04733 4.68651 2.30606 2.88747 5.75579 1.36039
internal_count=1730 1192 538 109 1083 707 460 354 210 376 357 144 72 106 466 56
is_linear=0
shrinkage=0.05


Tree=92
num_leaves=13
num_cat=0
split_feature=12 18 21 21 0 5 12 21 17 3 17 3
split_gain=3.57376 2.47723 2.55587 2.36839 2.23392 2.32353 2.24119 1.66684 1.6841 0.492059 0.319124 0.278167
threshold=7.7667500000000009 1.5000000000000002 0.013750000000000002 0.60320000000000007 536720.00000000012 1.5000000000000002 5.3896500000000005 0.0033500000000000001 0.79325000000000012 1.5000000000000002 0.026950000000000005 7.5000000000000009
decision_type=2 2 2 2 2 2 2 2 2 2 2 2
left_child=1 2 4 10 5 7 -7 8 -1 -2 -4 -8
right_child=9 -3 3 -5 -6 6 11 -9 -10 -11 -12 -13
leaf_value=-0.028357091051413708 -0.0035429419063066278 -0.039467304600170741 -0.00033305104568932408 0.017539302531415182 -0.033242431814649323 -0.029452221645403551 0.04068581392865319 0.029570251211218479 0.030745306781304993 0.040318002200030123 -0.043710303472611019 0.0056588011171691197
leaf_weight=5.1724757403135433 0.32103669643402 3.815677080769091 0.73079508636146684 1.7558525027707217 1.707525704987346 0.60948614962398906 7.8819564217701537 1.4895144142210481 0.55394854769110669 4.4378143302164972 4.5247405786067247 1.3555979756638405
leaf_count=221 4 338 34 28 35 7 304 55 6 375 308 15
internal_value=0.000125052 -0.00654104 -0.000189615 -0.0241817 0.00928912 0.0154269 0.0301738 -0.00531178 -0.0181756 0.0363895 -0.0394953 0.0370889
internal_weight=34.3564 29.5976 25.7819 7.01139 18.7705 17.063 9.84704 7.21594 5.72642 4.75885 5.25554 9.23755
internal_count=1730 1351 1013 370 643 608 326 282 227 379 342 319
is_linear=0
shrinkage=0.05


Tree=93
num_leaves=13
num_cat=0
split_feature=12 19 18 6 18 12 5 21 13 11 3 16
split_gain=3.37394 2.47669 2.80666 1.79992 2.56429 1.34564 1.04154 1.3791 0.889205 0.68816 0.755832 0.497222
threshold=7.7667500000000009 1.0000000180025095e-35 1.0000000180025095e-35 1.0000000180025095e-35 1.5000000000000002 6.491200000000001 1.5000000000000002 0.0033500000000000001 0.92865000000000009 16.257150000000003 7.5000000000000009 176384.00000000003
decision_type=2 2 2 2 2 2 2 2 2 2 2 2
left_child=1 2 5 4 -4 6 7 -1 -8 -7 -11 -2
right_child=11 -3 3 -5 -6 9 8 -9 -10 10 -12 -13
leaf_value=-0.036694205057106535 0.041515961798005326 -0.040674422595428666 0.026073786733076833 -0.041441085890480574 -0.033696359366046605 -0.0017764761559426812 0.028516723358062646 0.015046548289287373 -0.0059809035375851579 0.041448570433262583 -0.00063518740166574814 0
leaf_weight=2.4019542895257531 3.894312030170112 3.4929743981920174 3.1042672898620349 4.2295249328017235 2.1885869759134948 1.2324145678430785 2.7635780554264784 1.2031302172690628 2.7751364223659039 4.5310640186071396 0.99971045367419709 0.71294145472347725
leaf_count=81 368 307 40 305 180 25 35 35 28 306 9 11
internal_value=8.72295e-05 -0.00644381 -0.000191636 -0.0206367 0 0.0122483 -0.000190887 -0.0188232 0.012196 0.0275684 0.0341437 0.0358154
internal_weight=33.5296 28.9223 25.4294 9.52238 5.29285 15.907 9.1438 3.60508 5.53871 6.76319 5.53077 4.60725
internal_count=1730 1351 1044 525 220 519 179 116 63 340 315 379
is_linear=0
shrinkage=0.05


Tree=94
num_leaves=19
num_cat=0
split_feature=12 9 0 11 12 18 8 2 2 8 8 13 8 3 8 0 12 11
split_gain=3.21781 1.89953 1.90612 1.66514 1.7213 1.45214 1.29826 1.21032 0.733783 0.653933 0.649185 0.618645 0.51307 0.470818 0.196818 0.120792 0.0476482 0.0394281
threshold=7.3598000000000008 1.0000000180025095e-35 127732.00000000001 24.173100000000002 5.8710000000000013 1.0000000180025095e-35 5.8178500000000009 6.5000000000000009 68.500000000000014 6.5947000000000005 6.7084500000000009 3.6108500000000006 6.2980500000000008 7.5000000000000009 4.5276000000000005 514016.00000000006 5.8306500000000012 30.054800000000004
decision_type=2 2 2 2 2 2 2 2 2 2 2 2 2 2 2 2 2 2
left_child=1 2 6 4 14 17 7 -1 -5 -10 -8 13 -7 -6 -4 -14 -9 -2
right_child=5 -3 3 8 11 12 10 16 9 -11 -12 -13 15 -15 -16 -17 -18 -19
leaf_value=-0.027616381346241271 0.040620780138254209 0.037983960130986934 0 0.011640357182595498 0.026861136297579909 -0.023518382380423964 -0.04457401204230832 0 -0.038595876885462455 0.0052571673272386365 0.0045064091253620491 -0.0098904684553481337 0.018574345700984537 -0.0038695179951580734 -0.035396687962974731 -0.00076533975499048753 0.024615150734623656 0
leaf_weight=1.3626734516583439 4.9787998325191429 1.0488942293450225 0.81290375627577194 0.50740193109959264 7.4401052445173228 0.88723299279809031 5.6675246763043106 0.58791085379198182 3.2046846728771929 0.55467680282890786 0.35660863667726506 0.87696791719645339 0.73015256226062752 0.87019981164485205 0.86873108567669988 0.54657420329749584 1.2175797671079633 0.21390835056081403
leaf_count=103 457 21 16 11 236 16 458 33 207 9 2 25 48 12 32 8 27 9
internal_value=4.53115e-05 -0.00837748 -0.0119945 -0.000376528 0.0097303 0.0272238 -0.0287198 -0.00039257 -0.0240306 -0.0313299 -0.0407289 0.01874 -0.00424527 0.0230362 -0.0262608 0.0113992 0.020892 0.0397132
internal_weight=32.7335 25.3769 24.328 15.1357 10.8689 7.35667 9.1923 3.16816 4.26676 3.75936 6.02413 9.18727 2.16396 8.31031 1.68163 1.27673 1.80549 5.19271
internal_count=1730 1192 1171 548 321 538 623 163 227 216 460 273 72 248 48 56 60 466
is_linear=0
shrinkage=0.05


Tree=95
num_leaves=14
num_cat=0
split_feature=12 19 8 17 17 17 8 0 12 0 6 16 13
split_gain=3.05606 2.27484 1.86918 1.38566 1.18438 0.776323 1.46091 0.694919 1.12261 0.527176 0.482735 0.474889 0.0974116
threshold=7.7667500000000009 1.0000000180025095e-35 6.5086000000000004 0.88715000000000011 0.38905000000000006 0.012300000000000002 6.1586500000000006 186368.00000000003 6.7403500000000012 13056.000000000002 1.0000000180025095e-35 176384.00000000003 0.076000000000000012
decision_type=2 2 2 2 2 2 2 2 2 2 2 2 2
left_child=1 2 3 4 5 -1 -7 8 -4 -6 -9 -2 -11
right_child=11 -3 7 -5 9 6 -8 10 -10 12 -12 -13 -14
leaf_value=-0.028963289562269276 0.040746874777505486 -0.039941304828303326 -0.028560738073998778 0.023626452497952241 0.0066194640433502724 0.017663174465190442 -0.016725470241683534 0.039703606514471544 0.022358988607411565 0 -0.00073960053662029679 0 -0.038252516751844101
leaf_weight=1.4791398681700361 3.6308670723810783 3.2780883805826297 0.92600245401263181 1.9275663876906026 0.2796978335827579 5.7470664628781361 4.6520380610600114 2.9780021514743571 1.4712830586358903 0.28829005360603321 0.57041218690574158 0.70740073453634966 4.1050099604763091
leaf_count=56 368 307 13 37 4 218 185 122 73 21 19 11 296
internal_value=1.5401e-05 -0.00629866 -0.000193331 -0.00831377 -0.0134526 -0.00366218 0.00172308 0.0218879 0 -0.0324252 0.0333698 0.0348983 -0.0366044
internal_weight=32.0409 27.7026 24.4245 18.4788 16.5512 11.8782 10.3991 5.9457 2.39729 4.673 3.54841 4.33827 4.3933
internal_count=1730 1351 1044 817 780 459 403 227 86 321 141 379 317
is_linear=0
shrinkage=0.05


Tree=96
num_leaves=16
num_cat=0
split_feature=18 19 3 12 2 5 17 2 17 12 3 2 17 13 2
split_gain=2.99416 2.58002 3.78867 1.66782 1.45923 1.36838 0.857896 0.919709 0.732536 0.685489 0.409248 0.149536 0.0421581 0.0199498 0.0119137
threshold=1.5000000000000002 1.0000000180025095e-35 1.5000000000000002 7.0585500000000012 117.50000000000001 5.5000000000000009 0.22435000000000002 39.500000000000007 0.8610500000000002 7.8758500000000007 4.5000000000000009 81.500000000000014 0.9345500000000001 2.8076500000000002 614.50000000000011
decision_type=2 2 2 2 2 2 2 2 2 2 2 2 2 2 2
left_child=1 2 8 4 6 10 7 -4 11 -3 -6 -1 -10 -8 -5
right_child=-2 9 3 14 5 -7 13 -9 12 -11 -12 -13 -14 -15 -16
leaf_value=-0.035923573605873463 -0.038306445269758856 -0.038281354416471167 0.027154719710407189 0.042835779888015339 0.00027644668990273457 0.01968092315352158 0.040425789238042874 -0.0096162239060980717 0.0081706493979361583 0.0082898423323338657 -0.034663314519177306 0 -0.0015022504912520272 0.0054003790372338127 0.00058362658534686805
leaf_weight=3.1365296021103961 3.3969845324754706 2.7538011954165991 1.7778128692880288 5.8896101838909081 0.72306342376396004 1.4825046551413832 2.9814410642720763 3.263999555259943 0.78304364532232262 0.40344704687595356 2.4137806906364858 0.58743715286254872 0.8316494282335043 0.74475653283298004 0.28781999088823784
leaf_count=135 338 247 48 576 17 35 120 91 22 2 60 3 19 11 6
internal_value=0 0.00596301 0.0117882 0.0219636 0.0101342 -0.0104992 0.0214785 0.00487058 -0.0222952 -0.030565 -0.0272808 -0.0324174 0.0026072 0.037107 0.0419194
internal_weight=31.4577 28.0607 24.9034 19.5648 13.3874 4.61935 8.76801 5.04181 5.33866 3.15725 3.13684 3.72397 1.61469 3.7262 6.17743
internal_count=1730 1392 1143 964 382 112 270 139 179 249 77 138 41 131 582
is_linear=0
shrinkage=0.05


Tree=97
num_leaves=16
num_cat=0
split_feature=18 19 3 12 2 5 11 2 17 12 11 3 8 17 2
split_gain=2.84862 2.43345 3.57608 1.60743 1.36776 1.2921 0.897873 1.47805 0.699244 0.667353 0.652245 0.393631 0.17621 0.040562 0.0104416
threshold=1.5000000000000002 1.0000000180025095e-35 1.5000000000000002 7.0585500000000012 117.50000000000001 5.5000000000000009 17.036550000000002 39.500000000000007 0.8610500000000002 7.8758500000000007 16.257150000000003 4.5000000000000009 6.5818500000000011 0.9345500000000001 614.50000000000011
decision_type=2 2 2 2 2 2 2 2 2 2 2 2 2 2 2
left_child=1 2 8 4 6 11 7 -4 10 -3 -1 -6 -8 -10 -5
right_child=-2 9 3 14 5 -7 12 -9 13 -11 -12 -13 -14 -15 -16
leaf_value=-0.040698193527204662 -0.037911729500865049 -0.037807604329467157 0.027542094026651517 0.042512812634413227 0.0002706386713392416 0.01916254004273758 0.036977326220449615 -0.022510462079607867 0.0079951359916285731 0.0081690533318526104 0.0014003589775451802 -0.033945243592863508 0.00062710172827205152 -0.00146863115178685 0.00057713591661640907
leaf_weight=2.8120564408600432 3.2742640953510991 2.6637145928107198 1.8322636233642717 5.6512760450132182 0.72311086719855611 1.4737563268281517 4.0737340329214931 2.0592000167816877 0.78219603095203616 0.40372095257043827 0.83443367481231678 2.3640282270498574 0.69941705837845791 0.83105982095003128 0.28775158151984204
leaf_count=131 338 247 41 576 17 35 146 65 22 2 7 60 18 19 6
internal_value=0 0.0058593 0.0115634 0.0215728 0.0099468 -0.0101284 0.020986 0.000846876 -0.0217285 -0.0300064 -0.0317605 -0.0266021 0.0335482 0.00251018 0.0415775
internal_weight=30.766 27.4917 24.4243 19.1645 13.2255 4.5609 8.66461 3.89146 5.25975 3.06744 3.64649 3.08714 4.77315 1.61326 5.93903
internal_count=1730 1392 1143 964 382 112 270 106 179 249 138 77 164 41 582
is_linear=0
shrinkage=0.05


Tree=98
num_leaves=17
num_cat=0
split_feature=18 3 2 8 16 2 5 8 16 17 17 11 0 21 2 21
split_gain=2.70791 2.2801 2.43531 1.85833 1.92331 1.84272 1.32916 1.35774 1.31526 1.10386 0.668698 0.633564 0.362266 0.315418 0.0669426 0.00105982
threshold=1.5000000000000002 1.5000000000000002 58.500000000000007 6.5086000000000004 65792.000000000015 104.50000000000001 1.0000000180025095e-35 5.5303500000000012 9984.0000000000018 0.93110000000000015 0.8610500000000002 16.257150000000003 35300.000000000007 1.0000000180025095e-35 102.50000000000001 0.016650000000000002
decision_type=2 2 2 2 2 2 2 2 2 2 2 2 2 2 2 2
left_child=1 10 12 5 15 6 -4 -8 -7 -10 11 -1 -3 -12 -6 -5
right_child=-2 2 3 4 14 8 7 -9 9 -11 13 -13 -14 -15 -16 -17
leaf_value=-0.040171969902038293 -0.037514874070794346 0 -0.022138127565294121 -1.9256794197975979e-05 0.00037091300226922962 0.019068922912684645 -0.025690169119226253 0.035302035522280513 -0.042591353518474741 0.013017510209456266 0.019456977467044497 0.0013685388186762699 0.040360077176754501 -0.0098995861042796111 0.042022001221018998 -0.02066275736450306
leaf_weight=2.7218424850143559 3.1570144300349048 0.54444968979805963 1.1992656723596136 0.52980472100898512 0.3686360809952024 0.54793166927993286 0.2855509286746386 3.392018788959831 4.6950509832240641 0.43536037206649769 0.60319283232092846 0.83439619606360782 5.6355459629558027 1.0086758770048616 3.3993117390200496 0.69992612395435572
leaf_count=131 338 32 71 37 39 19 7 203 264 5 6 7 353 35 173 10
internal_value=0 0.00574019 0.0130143 0.00146179 0.0242129 -0.0100409 0.0107768 0.0250175 -0.0276053 -0.0357032 -0.0211888 -0.0311668 0.0371386 0.00241522 0.0399282 -0.0180087
internal_weight=30.058 26.901 21.7329 15.5529 4.99768 10.5552 4.87684 3.67757 5.67834 5.13041 5.16811 3.55624 6.18 1.61187 3.76795 1.22973
internal_count=1730 1392 1213 828 259 569 281 210 288 269 179 138 385 41 212 47
is_linear=0
shrinkage=0.05


Tree=99
num_leaves=17
num_cat=0
split_feature=18 12 4 2 19 16 2 17 17 4 21 21 16 5 8 8
split_gain=2.57094 2.25516 1.32417 0.939332 1.21391 0.918991 1.25809 1.11636 1.24953 0.819181 0.640807 0.499034 0.358901 0.34337 0.202752 0.0546024
threshold=1.5000000000000002 6.8149000000000006 1.5000000000000002 2.0000000000000004 1.0000000180025095e-35 9472.0000000000018 25.500000000000004 0.032600000000000011 0.8670000000000001 4.5000000000000009 0.0059000000000000007 0.0117 93440.000000000015 6.5000000000000009 6.094100000000001 5.8727500000000008
decision_type=2 2 2 2 2 2 2 2 2 2 2 2 2 2 2 2
left_child=1 2 5 -3 11 6 -1 10 13 -4 12 -5 -7 -9 -10 -12
right_child=-2 3 9 4 -6 7 -8 8 14 -11 15 -13 -14 -15 -16 -17
leaf_value=-0.022255340682963282 -0.037116085457494445 -0.008081135130273474 0.03685165226963779 0.042629732585871855 -0.0087892950928406145 0.0082061384026545416 0.029793411991830207 -0.035372166384201993 -0.0033934255200912646 -0.012798532715451333 4.4298007990997981e-05 0 -0.024231796015144975 0 0.019827490452336245 0.028216228383816586
leaf_weight=0.88145697629080233 3.0449795583263031 1.1966752968728522 1.7655950696207576 5.8336271205917001 1.0575214624404905 0.5561950467526906 2.0453684823587537 6.9554615928791446 0.90824843198060967 0.42423222213983525 0.59779734956100572 0.68370841443538655 0.91363156819716096 0.68356667552143324 0.74840170331299305 1.0141358212567864
leaf_count=32 338 13 102 608 9 16 50 386 32 17 36 7 29 25 9 21
internal_value=0 0.00559974 -0.00466483 0.0249656 0.031103 -0.0104243 0.0111692 -0.0163574 -0.0244881 0.0246686 0.0069337 0.0385493 -0.0115799 -0.0324472 0.00872938 0.0236997
internal_weight=29.3106 26.2656 17.4941 8.77153 7.57486 15.3043 2.92683 12.3774 9.29568 2.18983 3.08176 6.51734 1.46983 7.63903 1.65665 1.61193
internal_count=1730 1392 755 637 624 636 82 554 452 119 102 615 45 411 41 57
is_linear=0
shrinkage=0.05


Tree=100
num_leaves=17
num_cat=0
split_feature=18 21 6 11 2 2 8 11 5 1 3 2 11 17 5 8
split_gain=2.44887 2.09572 2.57997 1.39409 2.41781 1.79612 1.39703 0.816563 0.747551 0.545459 0.505452 0.400372 0.36294 0.27858 0.0273255 0.0156603
threshold=1.5000000000000002 0.013750000000000002 1.0000000180025095e-35 16.748600000000003 116.50000000000001 39.500000000000007 6.5353000000000003 9.2073500000000017 5.5000000000000009 8.5000000000000018 1.5000000000000002 91.500000000000014 13.943400000000002 0.026950000000000005 2.5000000000000004 6.5947000000000005
decision_type=2 2 2 2 2 2 2 2 2 2 2 2 2 2 2 2
left_child=1 3 -3 5 9 7 8 -1 -6 10 -5 -7 -9 -4 -11 -8
right_child=-2 2 13 4 6 11 15 12 -10 14 -12 -13 -14 -15 -16 -17
leaf_value=-0.015790072448726912 -0.036715580578057863 0.023394125911199135 0 0 -0.033059890958337161 -0.04370230024813937 0 0.031940509151911371 0.0077279312689146149 -0.0072150597270694812 0.044824358689209906 0 0 -0.040145183965283611 0.0017572235698962155 0.026863832190360978
leaf_weight=0.87804927676917088 2.937915052752941 1.8045732248574484 0.62765703117474902 0.69675224646925737 2.4024842344224449 1.4600813901051881 0.39407300204038609 2.3492485759779815 0.94515251182019699 0.32807942340150464 6.8436914123594761 0.67866602540016163 1.0271016936749218 3.8609166387468576 0.15539500676095486 1.2800403167493639
leaf_count=16 338 19 34 7 89 53 5 44 30 52 595 9 29 319 12 79
internal_value=0 0.00551726 -0.017457 0.0136898 0.022597 -0.00440763 -0.00363926 0.0133495 -0.0212653 0.0381547 0.0411989 -0.0343225 0.0239464 -0.0360617 -0.00172021 0.0245087
internal_weight=28.6699 25.732 6.29315 19.4388 13.0457 6.39315 5.02175 4.2544 3.34764 8.02392 7.54044 2.13875 3.37635 4.48857 0.483474 1.67411
internal_count=1730 1392 372 1020 869 151 203 89 119 666 602 62 73 353 64 84
is_linear=0
shrinkage=0.05


Tree=101
num_leaves=14
num_cat=0
split_feature=18 19 3 3 6 17 5 0 5 17 21 11 16
split_gain=2.32274 2.07005 2.96502 0.840513 0.658164 0.64913 0.60588 0.601872 0.461132 0.460731 0.396867 0.941543 0.421531
threshold=1.5000000000000002 1.0000000180025095e-35 1.5000000000000002 7.5000000000000009 1.0000000180025095e-35 0.26745000000000008 1.0000000180025095e-35 131304.00000000003 6.5000000000000009 0.026800000000000004 0.017650000000000002 13.104050000000003 9984.0000000000018
decision_type=2 2 2 2 2 2 2 2 2 2 2 2 2
left_child=1 2 4 6 -1 -5 7 -4 -3 -9 11 -8 -12
right_child=-2 8 3 5 -6 -7 10 9 -10 -11 12 -13 -14
leaf_value=0 -0.036313585501131312 -0.036095407987866285 -0.017420536385547296 0.014284530815741879 -0.035093035204709307 -0.020989524987079997 -0.0094327159922434692 -0.0089306148096447401 0.0025890778440480541 0.025731827428670646 0.022601749412901533 0.039970793753064136 -0.0096039141419641642
leaf_weight=2.6806639488786557 2.835587566252797 2.2899223440326746 0.98131051938981118 1.8680353597737842 2.2732820240780711 1.3622064208611844 0.5249185673892488 0.54458074271678958 0.54197221435606469 2.0532619594596326 0.80745263397693579 8.0559893823228759 1.1984253628179429
leaf_count=26 338 235 62 31 153 37 4 9 14 88 12 674 47
internal_value=0 0.00534839 0.0109117 0.0206006 -0.0200173 -0.0008541 0.0255563 0.00442363 -0.0286435 0.0166133 0.0312709 0.0357577 0.00490309
internal_weight=28.0176 25.182 22.3501 17.3962 4.95395 3.23024 14.1659 3.57915 2.83189 2.59784 10.5868 8.58091 2.00588
internal_count=1730 1392 1143 964 179 68 896 159 249 97 737 678 59
is_linear=0
shrinkage=0.05


Tree=102
num_leaves=19
num_cat=0
split_feature=12 9 0 11 12 8 2 16 8 2 8 13 3 8 17 19 0 2
split_gain=2.24089 1.55554 1.35994 1.14681 1.47116 1.05443 0.898912 0.645735 0.571869 0.532436 0.497432 0.483266 0.365046 0.347341 0.305779 0.280778 0.0448022 0.0240596
threshold=7.3598000000000008 1.0000000180025095e-35 127732.00000000001 24.173100000000002 5.8710000000000013 5.8178500000000009 6.5000000000000009 316672.00000000006 6.7084500000000009 68.500000000000014 6.5947000000000005 3.6108500000000006 7.5000000000000009 6.1762000000000006 0.037300000000000007 1.0000000180025095e-35 96880.000000000015 57.500000000000007
decision_type=2 2 2 2 2 2 2 2 2 2 2 2 2 2 2 2 2 2
left_child=1 2 5 4 14 6 -1 13 -7 -5 -11 12 -6 15 -4 16 -2 -8
right_child=7 -3 3 9 11 8 17 -9 -10 10 -12 -13 -14 -15 -16 -17 -18 -19
leaf_value=-0.02458491152483069 0 0.034583102128778187 0 0.0094431765604535787 0.025152915596926253 -0.042571175283223656 0 -0.0069408440213348374 0.004072076699266609 -0.035796058411443475 0.0043066391538620196 -0.0086168876134890288 -0.0027532635002773874 0.039609482461225441 -0.037435218247257332 -0.012186271418527975 0.017471226825449892 0.021557713004847989
leaf_weight=1.1066985041834514 0.21429463475942512 0.99161610752344032 0.76214839331805506 0.41698163468390648 6.3339975853450596 4.6773412171751261 0.34196593239903439 0.74989834800362576 0.34236150234937657 2.6049577547237281 0.46765447221696366 0.77916010841727246 0.80550014413893212 3.1735073034651577 0.75102633750066161 0.37085799127817143 1.3476447802968321 1.2251470410265026
leaf_count=103 18 21 17 11 236 458 22 13 2 207 9 25 12 364 31 3 140 38
internal_value=0 -0.00771774 -0.0114896 -0.000742189 0.00805319 -0.0268034 0 0.024914 -0.0384113 -0.0221271 -0.0289059 0.0172862 0.0214387 0.0307815 -0.0259274 0.00601848 0.015362 0.0194781
internal_weight=27.4628 21.6066 20.6149 12.9214 9.43183 7.69351 2.67381 5.8562 5.0197 3.48959 3.07261 7.91866 7.1395 5.1063 1.51317 1.9328 1.56194 1.56711
internal_count=1730 1192 1171 548 321 623 163 538 460 227 216 273 248 525 48 161 158 60
is_linear=0
shrinkage=0.05


Tree=103
num_leaves=16
num_cat=0
split_feature=12 17 18 19 3 2 5 8 11 5 2 8 2 16 11
split_gain=2.13637 1.73807 1.44843 1.55189 0.915479 1.05355 0.96181 0.810067 0.718509 0.685963 0.500361 0.271363 0.176347 0.159978 0.0337223
threshold=7.7667500000000009 0.8670000000000001 1.0000000180025095e-35 1.0000000180025095e-35 1.5000000000000002 145.50000000000003 1.5000000000000002 6.5818500000000011 12.162600000000003 5.5000000000000009 2.0000000000000004 6.5507000000000009 437.50000000000006 6400.0000000000009 20.541450000000001
decision_type=2 2 2 2 2 2 2 2 2 2 2 2 2 2 2
left_child=1 2 3 4 -1 6 -6 -7 -3 13 -2 -11 -12 14 -4
right_child=10 8 9 -5 5 7 -8 -9 -10 11 12 -13 -14 -15 -16
leaf_value=-0.018428515476713515 -0.0074041548772826749 -0.0031642578176933438 -0.007928665481555873 -0.033689698519622689 0 -0.027902785008175907 0.035497711450341578 0.017094213229481063 0.03807911307909928 -0.011601483121305298 0.038940296556032747 0.01797081682750307 0 -0.036860056173675486 0.0015747150339471578
leaf_weight=1.8863097792491395 0.2006236314773554 1.1229416956193738 0.44082460412755509 1.9623452799860395 3.2664531189948303 1.5741861974820497 4.0911592114716768 0.65175128774717439 1.8572708577848969 0.42507789051160194 3.0285178576596086 0.57912032678723335 0.19375322572886933 5.2749464402440935 0.395265884231776
leaf_count=26 1 35 33 233 146 40 211 51 48 47 374 6 4 465 10
internal_value=0 -0.00591528 -0.0114711 -0.000935151 0.00652006 0.0131803 0.0219065 -0.0119629 0.0243919 -0.0281787 0.0318358 0.00341536 0.0366381 -0.0338237 -0.00230199
internal_weight=26.9505 23.5277 20.5474 13.4322 11.4699 9.58355 7.35761 2.22594 2.98021 7.11524 3.42289 1.0042 3.22227 6.11104 0.83609
internal_count=1730 1351 1268 707 474 448 357 91 83 561 379 53 378 508 43
is_linear=0
shrinkage=0.05


Tree=104
num_leaves=16
num_cat=0
split_feature=18 12 4 13 16 2 17 17 16 4 0 21 0 21 2
split_gain=2.04833 1.81511 1.10651 1.0782 0.753673 1.06036 0.912603 1.08003 0.711189 0.690263 0.661647 0.614329 0.447983 0.251158 0.197212
threshold=1.5000000000000002 6.8149000000000006 1.5000000000000002 0.10310000000000001 9472.0000000000018 25.500000000000004 0.032600000000000011 0.8670000000000001 40704.000000000007 4.5000000000000009 48172.000000000007 0.0059000000000000007 647872.00000000012 0.0019500000000000001 84.500000000000014
decision_type=2 2 2 2 2 2 2 2 2 2 2 2 2 2 2
left_child=1 2 4 8 5 -1 11 10 -3 -4 -8 14 -5 -9 -6
right_child=-2 3 9 12 6 -7 7 13 -10 -11 -12 -13 -14 -15 -16
leaf_value=-0.020885529064116011 -0.035364035306383851 0.022924775101664355 0.034749082343547406 0.04031587787598101 0.0032924581907274627 0.028006785566179689 0 0.022332269802713803 -0.014786106729325564 -0.011627903862991049 -0.037129232002799294 0.022931403141957157 -0.0035572328834146735 -0.0041295422502321847 -0.021283196403897548
leaf_weight=0.80677434056998309 2.6062759375199667 1.0773491142317646 1.5976702948100854 4.2915834868326783 0.53245809581130676 1.8605665494687853 1.1928368117660264 0.53266908973455418 2.1387931052595377 0.38949192222207774 5.7777804993093014 1.5032122028060255 0.25301347672939289 1.0196955623105166 0.84318342292681336
leaf_count=32 338 105 102 499 17 50 109 3 29 17 302 57 4 38 28
internal_value=0 0.00496094 -0.00451291 0.0234101 -0.010026 0.0101926 -0.0155996 -0.0232787 0 0.0231356 -0.0310603 0.00598602 0.0367705 0.00818361 -0.0122844
internal_weight=26.4234 23.8171 16.0563 7.76074 14.0692 2.66734 11.4018 8.52298 3.21614 1.98716 6.97062 2.87885 4.5446 1.55236 1.37564
internal_count=1730 1392 755 637 636 82 554 452 134 119 411 102 503 41 45
is_linear=0
shrinkage=0.05


Tree=105
num_leaves=15
num_cat=0
split_feature=18 12 21 21 12 5 8 0 4 18 17 3 8 3
split_gain=1.95641 1.71822 1.10674 1.58982 1.05348 1.39679 1.3744 1.08078 0.793514 0.588298 0.250779 0.199593 0.177601 0.074067
threshold=1.5000000000000002 7.3598000000000008 0.013750000000000002 0.60320000000000007 5.7061500000000009 1.5000000000000002 5.9263500000000011 536720.00000000012 1.0000000180025095e-35 1.0000000180025095e-35 0.026950000000000005 7.5000000000000009 6.2980500000000008 2.5000000000000004
decision_type=2 2 2 2 2 2 2 2 2 2 2 2 2 2
left_child=1 2 4 10 -1 6 -6 11 -8 -3 -4 -7 -11 -14
right_child=-2 9 3 -5 5 7 8 -9 -10 12 -12 -13 13 -15
leaf_value=-0.025101468901346929 -0.034957860426697879 0.036349581862194037 0 0.015663280849841921 0.025974590404574519 0.035530425346629389 -0.031502716554676173 -0.016590806250518033 0.0090395158174291623 -0.013657631211693231 -0.039527759607048393 0.0020070215601655046 -0.00024695311918783804 0.0152213595937293
leaf_weight=1.3933147927746272 2.5185794425196937 3.7302623800933352 0.59086990263313 1.4241305128671227 1.2222894313745181 4.9022056055255234 3.0953893074765801 0.59354108665138472 0.9538010568358003 0.44087605178356148 3.159172811312601 0.96715845866128791 0.36329027079045773 0.55517497519031167
leaf_count=32 338 466 34 28 56 180 153 21 49 5 306 10 19 33
internal_value=0 0.0049229 -0.00235845 -0.020089 0.00520331 0.0108829 -0.00695712 0.0250865 -0.0210637 0.0280148 -0.0351582 0.0318306 0 0.00955723
internal_weight=25.9101 23.3915 18.3019 5.17417 13.1277 11.7344 5.27148 6.46291 4.04919 5.0896 3.75004 5.86936 1.35934 0.918465
internal_count=1730 1392 869 368 501 469 258 211 202 523 340 190 57 52
is_linear=0
shrinkage=0.05


Tree=106
num_leaves=19
num_cat=0
split_feature=12 17 17 19 12 21 11 21 11 13 2 11 5 16 17 2 13 16
split_gain=1.84016 1.54873 1.05975 1.36382 0.974687 0.657083 0.65104 0.583728 1.04478 0.676807 0.472426 0.442326 0.373741 0.409772 0.31263 0.168239 0.0737335 0.066632
threshold=7.7667500000000009 0.8670000000000001 0.38905000000000006 1.0000000180025095e-35 6.491200000000001 0.0083000000000000018 12.162600000000003 0.0033500000000000001 19.880200000000002 0.71165000000000012 2.0000000000000004 21.926650000000002 5.5000000000000009 3328.0000000000005 0.012950000000000001 437.50000000000006 0.064200000000000021 332288.00000000006
decision_type=2 2 2 2 2 2 2 2 2 2 2 2 2 2 2 2 2 2
left_child=1 2 3 4 7 14 -3 8 -1 -9 -2 -7 13 -4 -6 -12 -15 -14
right_child=10 6 12 -5 5 11 -8 9 -10 -11 15 -13 17 16 -16 -17 -18 -19
leaf_value=-0.031944196593867012 -0.0072297377685315691 -0.0030089322685976985 0.0037108046018717966 -0.033685844598748793 -0.0030924171420758026 0.012954630600043864 0.036673745329200001 0.023459341486195526 0.012159682529755035 -0.015360224106102577 0.037904832582036682 -0.02310657870776971 0.008833859558928861 -0.00026524343262001102 0.029801196963831947 0 -0.03885926916078191 -0.0065772480254599188
leaf_weight=2.9858156489208412 0.19861307740211431 1.085028356406837 0.26898320391774078 1.9674347273539758 0.33070611255243409 0.56780134653672554 1.7640035208314655 1.6278446598444136 1.1795223725493995 0.92125543067231763 2.7622118955478077 0.77600049320608377 0.43843063851818431 0.4133638038765638 3.9511424144729972 0.18560672178864468 3.7244149271864444 0.25586907425895333
leaf_count=89 1 35 4 249 22 21 48 60 46 81 374 24 50 31 253 4 321 17
internal_value=0 -0.00561757 -0.0110612 -0.00300097 0.00367487 0.0177655 0.0234066 -0.00825527 -0.0185508 0.00764605 0.0305365 -0.00671004 -0.0286518 -0.0331535 0.0262095 0.0355343 -0.036779 0
internal_weight=25.404 22.2576 19.4086 14.3075 12.3401 5.62565 2.84903 6.71444 4.16534 2.5491 3.14643 1.3438 5.10106 4.40676 4.28185 2.94782 4.13778 0.6943
internal_count=1730 1351 1268 845 596 320 83 276 135 141 379 45 423 356 275 378 352 67
is_linear=0
shrinkage=0.05


Tree=107
num_leaves=15
num_cat=0
split_feature=18 19 1 12 8 0 9 0 21 12 2 2 8 21
split_gain=1.82463 1.64164 2.24478 1.37988 1.214 1.0871 0.748718 0.624443 0.594678 0.523293 0.34311 0.872158 0.176718 0.170752
threshold=1.5000000000000002 1.0000000180025095e-35 3.5000000000000004 6.491200000000001 6.1614500000000012 209152.00000000003 1.0000000180025095e-35 370176.00000000006 0.0117 7.8758500000000007 140.50000000000003 168.50000000000003 6.0810000000000004 0.0078500000000000011
decision_type=2 2 2 2 2 2 2 2 2 2 2 2 2 2
left_child=1 2 6 4 5 -4 12 13 10 -3 -5 -12 -1 -6
right_child=-2 9 3 8 7 -7 -8 -9 -10 -11 11 -13 -14 -15
leaf_value=-0.034073682291452655 -0.034397881328487347 -0.034653801281183755 0.032636623450684119 0.043274091266111835 -0.033863333197769248 -0.015084674903992408 0.015490616579224521 0.0078709137351990303 0 0.0069167708113577284 -0.019408892804155593 0.026724590522724329 -0.0041022266207931144 0
leaf_weight=2.2582742420490933 2.3998448159545651 2.1289342958480115 2.7389980677980925 5.0378965120762569 1.80078827822581 0.88810344040393818 0.47471202304586757 0.97704354487359513 1.4735092590562997 0.37706243991851796 0.65469431318342719 1.6802000124007461 1.4372777589596806 0.60236422950401891
leaf_count=156 338 247 76 595 60 25 6 28 24 2 7 106 29 31
internal_value=0 0.00478542 0.0100602 0.0186714 0.000843811 0.0191366 -0.0189885 -0.0175312 0.0307652 -0.026784 0.0359254 0.0103486 -0.0268381 -0.0286062
internal_weight=24.9297 22.5299 20.0239 15.8536 7.0073 3.6271 4.17026 3.3802 8.8463 2.506 7.37279 2.33489 3.69555 2.40315
internal_count=1730 1392 1143 952 220 101 191 119 732 249 708 113 185 91
is_linear=0
shrinkage=0.05


Tree=108
num_leaves=16
num_cat=0
split_feature=18 3 2 8 16 9 17 16 17 11 0 16 2 17 2
split_gain=1.73101 1.5609 1.81847 1.38274 1.33002 1.2861 1.23173 0.720137 0.509184 0.562484 0.290113 0.201172 0.0601055 0.0110533 0.00223725
threshold=1.5000000000000002 1.5000000000000002 58.500000000000007 6.5158000000000014 65792.000000000015 1.0000000180025095e-35 0.017850000000000001 8448.0000000000018 0.8610500000000002 16.257150000000003 35300.000000000007 173312.00000000003 110.50000000000001 0.94455000000000011 76.500000000000014
decision_type=2 2 2 2 2 2 2 2 2 2 2 2 2 2 2
left_child=1 8 10 5 -5 6 11 -8 9 -1 -3 -4 14 -10 -6
right_child=-2 2 3 4 12 -7 7 -9 13 -11 -12 -13 -14 -15 -16
leaf_value=-0.037402898232787092 -0.033990570882802829 0 0.023705634264895678 -0.015126426073400834 0.0022055077581636454 0.029104643449595537 0.012174621254463849 -0.029797714635863139 0.0049310983828790974 0.0022007072674325432 0.037998494548912159 -0.0040885578415043346 0.039491780578755395 0 0
leaf_weight=2.2763132387772269 2.3211567068938157 0.48105127131566661 1.0674594151787422 0.94206003379076664 0.14984118100255761 0.81301714293658811 0.45023513725027431 6.4560887897387147 0.7234016112051902 0.77674980834126461 4.3560799220576882 0.1900009955279528 2.5498442784883082 0.70176708325743675 0.14300394430756569
leaf_count=131 338 32 157 46 31 15 12 379 26 7 353 11 167 15 10
internal_value=-5.89901e-05 0.00461023 0.0115137 0.000500094 0.0228827 -0.0097833 -0.0169551 -0.0252353 -0.0187561 -0.0280365 0.0346502 0.0173403 0.0374385 0.00242593 0
internal_weight=24.3981 22.0769 17.5987 12.7616 3.78475 8.9768 8.16378 6.90632 4.47823 3.05306 4.83713 1.25746 2.84269 1.42517 0.292845
internal_count=1730 1392 1213 828 254 574 559 391 179 138 385 168 208 41 41
is_linear=0
shrinkage=0.05


Tree=109
num_leaves=18
num_cat=0
split_feature=18 12 9 0 5 12 2 8 0 18 21 6 0 8 1 8 16
split_gain=1.65818 1.41569 0.989814 1.10072 1.11808 0.975148 1.22293 1.05197 0.673849 0.533966 0.308581 0.225584 0.210898 0.195839 0.191551 0.0427366 0.00994901
threshold=1.5000000000000002 7.3598000000000008 1.0000000180025095e-35 139520.00000000003 2.5000000000000004 5.8710000000000013 85.500000000000014 6.5086000000000004 48172.000000000007 1.0000000180025095e-35 0.60320000000000007 1.0000000180025095e-35 633524.00000000012 4.5276000000000005 8.5000000000000018 6.5158000000000014 103168.00000000001
decision_type=2 2 2 2 2 2 2 2 2 2 2 2 2 2 2 2 2
left_child=1 2 3 4 16 13 11 -8 -6 14 -10 -7 15 -5 -3 -11 -1
right_child=-2 9 -4 5 8 6 7 -9 10 12 -12 -13 -14 -15 -16 -17 -18
leaf_value=-0.039398700263531067 -0.033583511647193552 0.038266425871078216 0.031423843595725073 0 0.022861778299575163 0.038584041393776775 -0.020036104876034987 0.018596497214618073 -0.021169470279838794 0 0.009493357824957355 0.0026202303224130957 -0.015115607619270627 -0.032541373339048468 0 0.014188411378964781 -0.00064982530001135672
leaf_weight=2.8859848116990316 2.2458625910803667 2.9303904427215453 0.94260985776781936 0.62611901015043148 1.0924990221392366 2.1893331343308073 3.1320447558537126 2.02565752947703 1.791023812023923 0.29933426342904546 0.23925958573818196 1.0516547611914577 0.43954967707395554 0.78397541074082255 0.39960515685379494 0.51594318775460124 0.32000136747956265
leaf_count=237 338 453 21 14 39 51 102 112 196 10 1 40 4 43 13 43 13
internal_value=0 0.00462395 -0.00213303 -0.00610413 -0.0209369 0.00405524 0.011375 -0.00349537 0.000125762 0.0265662 -0.0139656 0.0314628 0 -0.0240976 0.0349082 0.0104527 -0.0377939
internal_weight=23.9108 21.665 17.0802 16.1376 6.32877 9.80878 8.39869 5.1577 3.12278 4.58482 2.03028 3.24099 1.25483 1.41009 3.33 0.815277 3.20599
internal_count=1730 1392 869 848 486 362 305 214 236 523 197 91 57 57 466 53 250
is_linear=0
shrinkage=0.05


Tree=110
num_leaves=14
num_cat=0
split_feature=18 3 2 12 21 13 17 21 6 4 3 0 3
split_gain=1.58444 1.45731 1.65657 1.1151 0.86414 0.984891 0.869309 0.589643 0.52306 0.457552 0.387796 0.266442 0.185847
threshold=1.5000000000000002 1.5000000000000002 58.500000000000007 6.1187000000000014 0.0089000000000000017 0.036400000000000009 0.032600000000000011 0.60320000000000007 1.0000000180025095e-35 1.0000000180025095e-35 9.5000000000000018 35300.000000000007 8.5000000000000018
decision_type=2 2 2 2 2 2 2 2 2 2 2 2 2
left_child=1 8 11 7 5 9 -6 -4 -1 -5 -7 -3 -8
right_child=-2 2 3 4 6 10 12 -9 -10 -11 -12 -13 -14
leaf_value=0 -0.033176949356303262 0 -0.038123014810113147 -0.01564404121431558 0.019832029646232867 0.0327295533070905 -0.032352234597881828 0.0094092866009623903 -0.032622664750106625 0.015169032526447898 -0.00035973657707785825 0.037301591134511147 0
leaf_weight=2.4322637058794561 2.173802552279084 0.4669055338017668 1.3957701255567361 2.2686969076748924 0.5445677912794048 4.2105358785483986 1.5197343323379757 0.23828691244125355 1.9023286362644283 0.84356060624122609 0.68716422794386733 4.1247594363521785 0.66854999726638187
leaf_count=26 338 32 217 104 5 355 46 1 153 58 19 353 23
internal_value=0 0.00457916 0.0113869 0.000708724 0.00759299 0.0157338 -0.0127511 -0.0283527 -0.0182724 -0.00441864 0.0279654 0.0340015 -0.0261049
internal_weight=23.4769 21.3031 16.9685 12.3769 10.7428 8.00996 2.73285 1.63406 4.33459 3.11226 4.8977 4.59166 2.18828
internal_count=1730 1392 1213 828 610 536 74 218 179 162 374 385 69
is_linear=0
shrinkage=0.05


Tree=111
num_leaves=14
num_cat=0
split_feature=18 19 3 12 2 8 17 2 6 12 3 13 2
split_gain=1.50295 1.40561 2.09496 0.966378 0.786485 0.811522 0.57797 0.581934 0.504193 0.470246 0.376066 0.0068221 0.00491111
threshold=1.5000000000000002 1.0000000180025095e-35 1.5000000000000002 7.0585500000000012 117.50000000000001 6.5507000000000009 0.22435000000000002 39.500000000000007 1.0000000180025095e-35 7.8758500000000007 5.5000000000000009 2.8076500000000002 614.50000000000011
decision_type=2 2 2 2 2 2 2 2 2 2 2 2 2
left_child=1 2 8 4 6 10 7 -4 -1 -3 -6 -8 -5
right_child=-2 9 3 12 5 -7 11 -9 -10 -11 -12 -13 -14
leaf_value=0 -0.032771127331631726 -0.033401951566411979 0.022389137648445825 0.038646856498231713 0 0.018937687813873436 0.034726533668265613 -0.0092415871336565102 -0.03218925328298864 0.006363951786473504 -0.032209927641695626 0.0025387355699268413 0
leaf_weight=2.4322637058794596 2.1048242549877605 1.9498988476116204 1.3401554492302219 3.6298160760197784 1.2644153384026147 0.91182762477546919 2.2457127817906444 2.7024316838942468 1.8464324909728018 0.36578361690044392 1.4877025564201174 0.54036503843963135 0.22434876486659039
leaf_count=26 338 247 48 576 35 23 120 91 153 2 54 11 6
internal_value=-1.72694e-05 0.00439053 0.00948634 0.0186093 0.00848751 -0.00798831 0.0178575 0.00261329 -0.0178867 -0.0255877 -0.0209116 0.0321237 0.0377097
internal_weight=23.046 20.9412 18.6255 14.3468 10.4926 3.66395 6.82866 4.04259 4.2787 2.31568 2.75212 2.78608 3.85416
internal_count=1730 1392 1143 964 382 112 270 139 179 249 89 131 582
is_linear=0
shrinkage=0.05


Tree=112
num_leaves=16
num_cat=0
split_feature=18 19 1 12 8 0 9 0 21 12 16 21 17 8 0
split_gain=1.43293 1.32799 1.80519 1.16665 1.026 0.980656 0.64442 0.581839 0.544408 0.45768 0.21731 0.174575 0.169964 0.227881 0.117156
threshold=1.5000000000000002 1.0000000180025095e-35 3.5000000000000004 6.491200000000001 6.1614500000000012 209152.00000000003 1.0000000180025095e-35 370176.00000000006 0.0117 7.8758500000000007 353024.00000000006 0.0078500000000000011 0.94455000000000011 7.054850000000001 102248.00000000001
decision_type=2 2 2 2 2 2 2 2 2 2 2 2 2 2 2
left_child=1 2 6 4 5 -4 12 11 10 -3 14 -6 13 -1 -5
right_child=-2 9 3 8 7 -7 -8 -9 -10 -11 -12 -13 -14 -15 -16
leaf_value=-0.03471028372664841 -0.03236628570720259 -0.032954389751666986 0.031109995264009951 0.0075450800831722668 -0.032829713049336261 -0.014788312478024894 0.014433285924750279 0.0079575627896523605 0 0.0062789166542217018 0 0 0 0 0.04059836148139586
leaf_weight=2.1559420472476742 2.038782537681981 1.8926015014294528 2.5927466112188982 1.2562986998818813 1.6981502328999347 0.84002240421250451 0.44525801530107845 0.95096239540725935 1.3720941259525714 0.36574450880289067 0.36196642275899638 0.57340682460926462 0.67040617577731598 0.54737430484965433 4.8639588607475162
leaf_count=154 338 247 76 25 60 25 6 28 24 2 8 31 15 16 675
internal_value=-2.3224e-05 0.00429915 0.00928955 0.0173769 0.000674341 0.017948 -0.0176293 -0.016435 0.0292905 -0.025089 0.0346 -0.027486 -0.0253366 -0.0295447 0.0365283
internal_weight=22.6257 20.5869 18.3286 14.5096 6.65529 3.43277 3.81898 3.22252 7.85432 2.25835 6.48222 2.27156 3.37372 2.70332 6.12026
internal_count=1730 1392 1143 952 220 101 191 119 732 249 708 91 185 170 700
is_linear=0
shrinkage=0.05


Tree=113
num_leaves=12
num_cat=0
split_feature=18 19 3 12 13 0 13 4 0 6 12
split_gain=1.36176 1.2501 1.87629 0.913531 0.716455 1.07626 0.830498 0.78265 0.499323 0.480168 0.445421
threshold=1.5000000000000002 1.0000000180025095e-35 1.5000000000000002 7.0585500000000012 0.70680000000000009 42068.000000000007 0.011450000000000002 1.0000000180025095e-35 183204.00000000003 1.0000000180025095e-35 7.8758500000000007
decision_type=2 2 2 2 2 2 2 2 2 2 2
left_child=1 2 9 4 6 -6 8 -7 -4 -1 -3
right_child=-2 10 3 -5 5 7 -8 -9 -10 -11 -12
leaf_value=0 -0.031962660848381494 -0.032510640064596343 -0.01465351297159655 0.036982873549193988 0.0255257336495417 -0.030295490790037485 0.034630175021004732 0.011418275327354788 0.016317863089912479 -0.031422649936687447 0.0061950308051989603
leaf_weight=2.4016915401443937 1.9755391622893501 1.8375629149377339 1.7689971970394238 3.6033638275694093 0.90690539404749859 2.6584552305284892 2.666482878383249 0.79511281801387657 1.455127043649554 1.7488313138019291 0.36570400744676579
leaf_count=26 338 247 81 582 13 105 39 70 74 153 2
internal_value=-9.28811e-05 0.00414711 0.00903675 0.0178425 0.00798105 -0.00590665 0.0183522 -0.0191616 0 -0.0171435 -0.0245969
internal_weight=22.1838 20.2082 18.005 13.8544 10.2511 4.36047 5.89061 3.45357 3.22412 4.15052 2.20327
internal_count=1730 1392 1143 964 382 188 194 175 155 179 249
is_linear=0
shrinkage=0.05


Tree=114
num_leaves=21
num_cat=0
split_feature=9 0 16 12 2 8 8 5 2 0 18 8 21 12 12 2 2 12 8 12
split_gain=1.32999 1.59759 1.21644 1.07301 0.822756 0.844588 0.789713 0.767463 0.597157 0.548715 0.52454 0.333078 0.303687 0.380562 0.270898 0.246714 0.231537 0.11891 0.0249719 0.0110458
threshold=1.0000000180025095e-35 139520.00000000003 172288.00000000003 5.3896500000000005 85.500000000000014 6.4801000000000011 6.3706000000000005 2.5000000000000004 110.50000000000001 48172.000000000007 1.5000000000000002 1.0000000180025095e-35 0.60320000000000007 7.0386000000000015 6.9949000000000003 248.50000000000003 104.50000000000001 6.491200000000001 5.2056000000000013 7.1328500000000004
decision_type=2 2 2 2 2 2 2 2 2 2 2 2 2 2 2 2 2 2 2 2
left_child=1 7 3 -3 10 16 -4 14 -7 17 11 -5 13 -11 -1 -8 -6 18 -9 -15
right_child=-2 2 6 4 5 8 15 9 -10 12 -12 -13 -14 19 -16 -17 -18 -19 -20 -21
leaf_value=-0.039739829700755444 0.034415311474142292 -0.025052921789151972 -0.031122753238804625 -0.0026791053838771325 0.0008300231275164626 -0.010000929325906859 -0.0071859178470941032 0.0036292381818858847 0.032087914798512161 -0.030661303240037498 -0.00690781521112286 0.038859090616946181 0.0087536211552404191 0.0058724012084946228 0 0.018537716390513402 -0.024164566002587283 0.022575721875369662 -0.0060826111285769459 0
leaf_weight=3.1174001537729121 1.4709545210935164 0.55686533218249579 2.0818968375679101 0.15305292606353571 0.83000658266246352 0.46109745511785183 0.70364366378635146 0.22551280818879627 1.6009224909357724 1.5836306069977588 0.26248702313750971 4.4176513063721359 0.23042987287044514 0.29072742909193028 0.26997660286724556 0.90030143293552101 1.3494276644196359 0.71569082513451576 0.2510892937425524 0.31268296390771866
leaf_count=333 76 12 136 3 26 21 32 9 115 210 10 452 1 43 14 37 100 9 62 29
internal_value=-9.33963e-05 -0.00432413 0.00561351 0.01489 0.0200808 0.00163922 -0.0155644 -0.0222001 0.0208509 -0.00274874 0.0323519 0.0363394 -0.0155793 -0.0216541 -0.0364378 0.00690683 -0.0158059 0.0162254 0 0.0032462
internal_weight=21.7854 20.3145 13.3174 9.63151 9.07465 4.24145 3.68584 6.99714 2.06202 3.60976 4.83319 4.5707 2.41747 2.18704 3.38738 1.60395 2.17943 1.19229 0.476602 0.60341
internal_count=1730 1654 944 739 727 262 205 710 136 363 465 455 283 282 347 69 126 80 71 72
is_linear=0
shrinkage=0.05


Tree=115
num_leaves=19
num_cat=0
split_feature=9 0 16 12 19 8 5 18 2 0 11 12 12 12 16 12 8 12
split_gain=1.27076 1.47764 1.13088 1.0271 0.805227 0.753893 0.745013 0.625181 0.577454 0.519948 0.268769 0.265413 0.237583 0.344753 0.174285 0.115053 0.0245102 0.0108808
threshold=1.0000000180025095e-35 139520.00000000003 172288.00000000003 5.3896500000000005 1.0000000180025095e-35 6.3706000000000005 2.5000000000000004 1.5000000000000002 168.50000000000003 48172.000000000007 19.880200000000002 6.9949000000000003 7.0386000000000015 5.2473500000000008 119552.00000000001 6.491200000000001 5.2056000000000013 7.1328500000000004
decision_type=2 2 2 2 2 2 2 2 2 2 2 2 2 2 2 2 2 2
left_child=1 6 3 -3 7 -4 11 8 -5 15 -7 -1 13 -11 -6 16 -8 -14
right_child=-2 2 5 4 14 10 9 -9 -10 12 -12 -13 17 -15 -16 -17 -18 -19
leaf_value=-0.03927648707627035 0.033760030169188784 -0.024621938762092677 -0.030607902540736732 0.033340003535680285 -0.019733474819820709 -0.011336648014856983 0.0035976670157304557 -0.011089586330357212 -0.0025852213789916488 0.0055109307830420876 0.016527475048678877 0 0.0058129123598386762 -0.029636098748137135 0.0039948860802918847 0.022223516728159618 -0.0060290303845025586 0
leaf_weight=3.0109705256763912 1.4446136963088054 0.55581330647691984 2.0292357867583628 6.5307492220308614 0.68274904950521864 0.3250990007072686 0.22490782057866476 0.39685587352141727 0.85767119470983733 0.29705345723778043 1.2647868471685795 0.26997660286724556 0.28928784234449256 1.4733506639022378 0.41654475452378392 0.70675700018182397 0.24957994767464697 0.31268296390771866
leaf_count=333 76 12 136 585 31 4 9 34 53 5 65 14 43 206 24 9 62 29
internal_value=-0.000128013 -0.0043261 0.0053073 0.0143603 0.0195491 -0.0152214 -0.0216997 0.0251309 0.0287626 -0.00246605 0.00672193 -0.0359216 -0.0151326 -0.0220735 -0.0107405 0.0159557 0 0.00319597
internal_weight=21.3387 19.8941 13.0595 9.44038 8.88457 3.61912 6.83457 7.78528 7.38842 3.55362 1.58989 3.28095 2.37237 1.7704 1.09929 1.18124 0.474488 0.601971
internal_count=1730 1654 944 739 727 205 710 672 638 363 69 347 283 211 55 80 71 72
is_linear=0
shrinkage=0.05


Tree=116
num_leaves=16
num_cat=0
split_feature=18 19 1 2 8 8 11 5 13 16 11 8 18 5 8
split_gain=1.21953 1.08786 1.54329 0.708916 0.852381 1.26443 0.717874 0.64984 0.617161 0.570197 0.430823 0.384212 0.368871 0.325739 0.170281
threshold=1.5000000000000002 1.0000000180025095e-35 3.5000000000000004 82.500000000000014 6.5086000000000004 6.1586500000000006 16.609700000000004 5.5000000000000009 1.6997500000000001 74240.000000000015 12.162600000000003 5.7034000000000011 1.0000000180025095e-35 6.5000000000000009 6.3949500000000006
decision_type=2 2 2 2 2 2 2 2 2 2 2 2 2 2 2
left_child=1 2 11 6 5 8 10 -7 -5 -6 -4 -1 -13 -3 -12
right_child=-2 13 3 4 9 7 -8 -9 -10 -11 14 12 -14 -15 -16
leaf_value=-0.029405448540418291 -0.031076489881341002 -0.030905771945033467 0.02006666297647525 0.032316832079794841 -0.0085440703694469912 -0.034204259104235739 0.038541677030920582 0.0073325764199876882 -0.0093404058548997772 0.032773735317755036 -0.020031851804675829 0.012641628524435816 -0.01848260611957379 0.0025686852646794375 0.0034587100043501754
leaf_weight=1.6187420692294936 1.8434807176236052 1.6112345647998148 0.77142329886555527 1.2749346017371861 0.43965681665577028 2.4378942814655606 3.9144552599173039 0.63450361602008332 0.63330790493637312 2.0779060861095786 0.92884851014241554 1.3379747925791887 0.60577326477505256 0.4544141381047665 0.36468499898910522
leaf_count=128 338 235 30 30 18 84 482 17 49 172 62 30 33 14 8
internal_value=-0.000236415 0.00388825 0.00859987 0.0163888 0.00426341 -0.00707994 0.0280883 -0.0247042 0.0183145 0.023759 0.00053123 -0.0169049 0 -0.0234751 -0.0126086
internal_weight=20.9492 19.1058 17.0401 13.4776 7.4982 4.98064 5.97941 3.0724 1.90824 2.51756 2.06496 3.56249 1.94375 2.06565 1.29353
internal_count=1730 1392 1143 952 370 180 582 101 79 190 100 191 63 249 70
is_linear=0
shrinkage=0.05


Tree=117
num_leaves=18
num_cat=0
split_feature=9 12 6 1 11 21 16 16 5 18 16 11 18 11 16 8 13
split_gain=1.19026 1.2354 0.871263 0.980558 0.884723 0.811123 0.568881 0.687052 0.657011 0.523997 0.426749 0.417755 0.390646 0.377097 0.203548 0.0497372 0.0416869
threshold=1.0000000180025095e-35 6.491200000000001 1.0000000180025095e-35 5.5000000000000009 16.257150000000003 0.011400000000000002 92416.000000000015 9472.0000000000018 2.5000000000000004 1.0000000180025095e-35 7936.0000000000009 9.7670000000000012 1.5000000000000002 28.564050000000005 353024.00000000006 2.2229500000000004 4.2172500000000008
decision_type=2 2 2 2 2 2 2 2 2 2 2 2 2 2 2 2 2
left_child=1 6 3 4 -3 14 7 10 11 -10 -1 -8 -6 -5 15 -4 -9
right_child=-2 2 5 13 12 -7 8 16 9 -11 -12 -13 -14 -15 -16 -17 -18
leaf_value=-0.017990234420502578 0.032766052056580376 -0.0089489308581785689 0 -0.023637939692794489 0.037411259334374856 -0.031109286557372259 0.0055909785582758552 -0.038885079638183759 0.025481794908576272 -0.012424919640981809 0.016526883060333879 -0.028893313154075097 -0.0040971277991785097 0.0071630960513546201 -0.007235271583231344 0.020363495757417346 0
leaf_weight=0.67894969275221739 1.3994059762917448 0.84976294450461676 0.17848302423954032 0.97679018112830795 4.2233356467913836 1.4913887688890097 0.62154285237193141 3.090703376103193 1.6414455336052927 0.45783910946920503 0.91654942603781819 1.4126135087572036 0.19345472124405194 0.95518497843295336 0.26886342489160586 0.93188891373574734 0.23899248288944352
leaf_count=53 76 11 5 31 513 60 29 496 25 77 41 123 17 31 13 115 14
internal_value=-0.000291239 -0.0044659 0.00698808 0.0160085 0.0261656 -0.0126321 -0.0171237 -0.0271373 -0.00125591 0.0142598 0 -0.0183387 0.0342494 -0.00945508 0.00992381 0.0179076 -0.0374769
internal_weight=20.5272 19.1278 10.0692 7.19853 5.26655 2.87062 9.05864 4.92519 4.13344 2.09928 1.5955 2.03416 4.41679 1.93198 1.37924 1.11037 3.3297
internal_count=1730 1654 796 603 541 193 858 604 254 102 94 152 530 62 133 120 510
is_linear=0
shrinkage=0.05


Tree=118
num_leaves=16
num_cat=0
split_feature=18 19 1 12 8 0 21 0 12 8 2 2 21 17 13
split_gain=1.11637 0.986233 1.45022 0.919022 0.799586 0.845563 0.498841 0.476033 0.401302 0.34945 0.286356 0.618294 0.153703 0.126713 0.104298
threshold=1.5000000000000002 1.0000000180025095e-35 3.5000000000000004 6.491200000000001 6.1614500000000012 209152.00000000003 0.0117 370176.00000000006 7.8758500000000007 5.7034000000000011 140.50000000000003 168.50000000000003 0.0078500000000000011 0.88715000000000011 1.9486000000000001
decision_type=2 2 2 2 2 2 2 2 2 2 2 2 2 2 2
left_child=1 2 9 4 5 -4 10 12 -3 -1 -5 -12 -6 14 -11
right_child=-2 8 3 6 7 -7 -8 -9 -10 13 11 -13 -14 -15 -16
leaf_value=-0.028800504410887964 -0.030380465521378183 -0.030774005955411118 0.028957490962220441 0.040385402013199893 -0.0308245831291519 -0.014154602393401891 0 0.0071917243484893589 0.0060507192876086881 -0.016088816559471336 -0.017130001859486221 0.02318007602521225 0 0.010343869541473025 0.00116308119985062
leaf_weight=1.5548159989994119 1.7480612220242608 1.6330112868454296 2.3985385892447071 3.6948428826872259 1.5061952709220356 0.80293837003409851 1.2533869408071039 0.86896821111440647 0.35482073575258244 0.54402356967329957 0.57569226995110501 1.3228842536918817 0.52551917824894179 0.64062617765739549 0.71193051687441766
leaf_count=128 338 247 76 595 60 25 24 28 2 33 7 106 31 12 18
internal_value=-0.000370821 0.00364395 0.00824582 0.0159826 0.000496249 0.0161594 0.0273252 -0.0152201 -0.0227023 -0.0167273 0.0328291 0.00753923 -0.0256653 0 -0.00791257
internal_weight=20.1363 18.3882 16.4004 12.949 6.10216 3.20148 6.84681 2.90068 1.98783 3.4514 5.59342 1.89858 2.03171 1.89658 1.25595
internal_count=1730 1392 1143 952 220 101 732 119 249 191 708 113 91 63 51
is_linear=0
shrinkage=0.05


Tree=119
num_leaves=21
num_cat=0
split_feature=9 0 16 5 8 8 2 8 18 2 0 11 2 8 8 8 5 17 8 2
split_gain=1.11896 1.23728 0.977902 0.668866 0.642738 0.592418 0.709103 0.697771 0.516784 0.515192 0.434547 0.230125 0.190577 0.189451 0.177344 0.163636 0.056088 0.0153187 0.0117916 0.00707201
threshold=1.0000000180025095e-35 139520.00000000003 172288.00000000003 2.5000000000000004 6.3706000000000005 5.0805000000000016 85.500000000000014 6.4801000000000011 1.0000000180025095e-35 110.50000000000001 48172.000000000007 19.880200000000002 104.50000000000001 6.9292500000000006 5.5687500000000005 6.4884000000000013 3.5000000000000004 0.22435000000000002 6.2820500000000008 248.50000000000003
decision_type=2 2 2 2 2 2 2 2 2 2 2 2 2 2 2 2 2 2 2 2
left_child=1 3 5 13 -4 -3 8 12 -7 -9 17 -6 -8 -1 16 -16 -12 -5 -10 -13
right_child=-2 2 4 10 11 6 7 9 18 -11 14 19 -14 -15 15 -17 -18 -19 -20 -21
leaf_value=-0.037713969579242439 0.03182851554011757 -0.0117779150193145 -0.029475660668156253 0 -0.010625283096093369 0.039253668772823241 0.00031470940527930972 -0.0093839745546188767 -0.0039599464004612195 0.030147815116021416 0.0095084137359603329 0 -0.022746120654964029 0 -0.026181291823460275 0 -0.0041252977450947324 0.016343396562964695 0.0021479065667605666 0.017022027346573872
leaf_weight=2.7782449719961799 1.3557113965507586 1.0766957951709608 1.8894856104161584 0.19304603245109342 0.30947455205023278 2.8774895663373177 0.77483105962164778 0.43416001577861596 0.45546745834872115 1.4433647871483115 0.31696529081091318 0.34957613376900531 1.2532087808940557 0.23424602113664139 1.1647681165486572 0.32288143830373872 0.36682226182892919 0.90157440095208585 0.44261133298277855 0.82604632084257901
leaf_count=336 76 37 136 28 4 390 26 21 22 115 18 28 99 11 197 38 30 52 29 37
internal_value=-0.000473769 -0.00462715 0.00448247 -0.0211145 -0.0150247 0.0132809 0.0183215 0.000919524 0.0313137 0.0191845 -0.00198307 0.00581178 -0.01509 -0.0349467 -0.0141336 -0.0207857 0.00111873 0.0149735 0 0.0153319
internal_weight=19.7667 18.411 12.1324 6.27855 3.37458 8.75783 7.68113 3.90556 3.77557 1.87752 3.26606 1.4851 2.02804 3.01249 2.17144 1.48765 0.683788 1.09462 0.898079 1.17562
internal_count=1730 1654 944 710 205 739 702 261 441 136 363 69 125 347 283 235 48 80 51 65
is_linear=0
shrinkage=0.05


Tree=120
num_leaves=18
num_cat=0
split_feature=9 18 19 11 2 21 2 6 18 2 17 3 3 16 13 2 17
split_gain=1.06724 1.05095 0.671509 0.850751 0.898655 0.725726 0.763645 0.662793 0.561671 0.462192 0.378016 0.299361 0.288376 0.0966411 0.131477 0.131794 0.0854945
threshold=1.0000000180025095e-35 1.0000000180025095e-35 1.0000000180025095e-35 17.036550000000002 119.50000000000001 0.0033500000000000001 39.500000000000007 1.0000000180025095e-35 1.5000000000000002 7.5000000000000009 0.78000000000000014 15.500000000000002 1.5000000000000002 40704.000000000007 0.38420000000000004 166.50000000000003 0.14150000000000004
decision_type=2 2 2 2 2 2 2 2 2 2 2 2 2 2 2 2 2
left_child=1 2 3 5 12 6 -1 8 13 -7 16 -4 -5 -3 -15 -16 -6
right_child=-2 7 11 4 10 9 -8 -9 -10 -11 -12 -13 -14 14 15 -17 -18
leaf_value=0.0047621942472855974 0.031222502426466708 0.017195963131286244 -0.026850326972861022 0 0 -0.0096716719762915578 -0.038381792673536225 -0.035484632593732073 -0.023898429741809245 0.026017666314398741 0.015193088093953975 0.004788411172612788 0.037060031742633878 -0.010987651686495147 -0.0022089262162126909 0.016611579577384902 -0.020648420473846234
leaf_weight=1.1757357786409595 1.3329158923588682 0.68750494066625822 1.2387835558038212 0.51234469003975425 0.57420339249074481 0.60432845167815674 1.3039888744242487 2.5230149179697037 1.0757935966830698 1.1825169296935198 0.5903250453993677 0.38203333783894766 3.2664494237396866 0.54069777461700175 0.8178339237347243 0.67896337993443012 0.93149738432839513
leaf_count=26 76 18 231 5 23 18 57 349 200 43 53 6 524 15 37 15 34
internal_value=-0.000457075 -0.00456735 0.00403412 0.00942239 0.0206232 -0.00603856 -0.0209988 -0.019615 -0.00284199 0.0130138 -0.0032062 -0.0185035 0.0327923 0.00831259 0 0.00755959 -0.0155998
internal_weight=19.4189 18.086 11.7622 10.1414 5.87482 4.26657 2.47972 6.32381 3.80079 1.78685 2.09603 1.62082 3.77879 2.725 2.0375 1.4968 1.5057
internal_count=1730 1654 1020 783 639 144 83 634 285 61 110 237 529 85 67 52 57
is_linear=0
shrinkage=0.05


Tree=121
num_leaves=21
num_cat=0
split_feature=9 8 2 11 11 18 2 17 16 16 5 8 17 8 13 13 13 8 8 16
split_gain=1.02011 1.05053 1.0982 1.29443 0.851617 0.84986 0.727902 0.64546 0.526619 0.354533 0.265999 0.256697 0.23947 0.134075 0.128131 0.126364 0.0535351 0.0417625 0.0370795 0.0142686
threshold=1.0000000180025095e-35 6.5158000000000014 82.500000000000014 17.036550000000002 15.297350000000003 1.5000000000000002 110.50000000000001 0.93110000000000015 115456.00000000001 37120.000000000007 1.5000000000000002 5.8650000000000011 0.017850000000000001 7.6387500000000008 0.093750000000000014 0.08185000000000002 0.42760000000000004 6.6485000000000012 6.5048000000000004 173312.00000000003
decision_type=2 2 2 2 2 2 2 2 2 2 2 2 2 2 2 2 2 2 2 2
left_child=1 2 3 8 -4 10 9 12 14 17 -5 -10 19 -11 15 -1 -15 -3 -14 -6
right_child=-2 6 4 5 7 -7 -8 -9 11 13 -12 -13 18 16 -16 -17 -18 -19 -20 -21
leaf_value=-0.012261923068714231 0.030626771674500803 0 0.014385884558758159 -0.0016676444920525045 0.0042912432257342569 -0.014565962602539159 0.029661293176088149 0.0091266699021671904 -0.0095398207968452348 -0.022954644868232989 0.034806686275343661 0.017616263455412121 -0.039129846972126507 -0.0061188274719581656 -0.036328092630728191 0.0069915227159428163 0.0082484328276745122 0.015721748525138034 0 -0.0033953446370672598
leaf_weight=1.0718246879987479 1.3109142768662412 0.36903842748142723 0.44358481932431448 0.18378656986169595 0.20165371429175127 0.53755848854780186 2.2126351343467832 0.32129287719726551 0.60207729809917487 0.93298411089926936 2.6655712206847966 0.75077445479109883 4.6864726778585464 0.18498215079307556 1.1216451537329701 0.26328899525105942 0.315055399434641 0.47881464334204793 0.23199780704453576 0.174772645579651
leaf_count=137 76 24 5 37 38 71 174 5 29 24 337 31 544 1 65 10 75 26 7 14
internal_value=-0.000469235 -0.00454346 -0.0116911 0.00123555 -0.0257513 0.0212487 0.0139223 -0.0313724 -0.016236 -0.00420878 0.0313331 0.00448756 -0.0356837 -0.0167588 -0.0270911 -0.00495575 0 0.0118873 -0.0381505 0
internal_weight=19.0607 17.7498 13.2563 7.19653 6.05977 3.38692 4.49351 5.61619 3.80961 2.28087 2.84936 1.35285 5.2949 1.43302 2.45676 1.33511 0.500038 0.847853 4.91847 0.376426
internal_count=1730 1654 1330 717 613 445 324 608 272 150 374 60 603 100 212 147 76 50 551 52
is_linear=0
shrinkage=0.05


Tree=122
num_leaves=19
num_cat=0
split_feature=9 0 16 12 2 8 16 8 8 13 2 18 1 11 11 17 13 2
split_gain=0.968823 1.11702 0.873737 0.862575 0.612115 0.59559 0.88602 0.594903 0.57007 0.545699 0.463079 0.435737 0.308836 0.213474 0.194661 0.128487 0.0575359 0.00606954
threshold=1.0000000180025095e-35 139520.00000000003 172288.00000000003 5.3896500000000005 85.500000000000014 6.7084500000000009 15616.000000000002 6.4801000000000011 6.3706000000000005 0.43855000000000005 110.50000000000001 1.0000000180025095e-35 2.5000000000000004 19.880200000000002 16.084550000000004 0.058800000000000005 0.41590000000000005 248.50000000000003
decision_type=2 2 2 2 2 2 2 2 2 2 2 2 2 2 2 2 2 2
left_child=1 5 3 -3 11 6 9 14 -4 15 -9 12 -5 -10 -6 -1 -13 -15
right_child=-2 2 8 4 7 -7 -8 10 13 -11 -12 16 -14 17 -16 -17 -18 -19
leaf_value=0.0015523172827464234 0.03004124174248974 -0.022585482598654436 -0.028380093954891591 -0.0021197910628399804 0.0056466963455596908 0.010803581361873487 -0.038803247922377715 -0.0088250427770960472 -0.010301868846163541 0.019110497901647806 0.028945959377742875 -0.0084589520636399827 0.039547740094150075 0 -0.019230881416591048 -0.022075695407955603 0.0056704131776522193 0.016380961989068004
leaf_weight=0.1340101384557848 1.2896754867397238 0.53882506350055148 1.7567033807281398 0.1410305276513103 0.2130004316568378 0.56118963006883849 3.2679050709120929 0.41567048989236344 0.30266030598431815 1.004187637241557 1.3645004930440334 0.31140765850432206 3.0394051147159189 0.33596123568713643 1.724820415722206 0.95097195566631854 0.55514535610564053 0.79134857445023954
leaf_count=18 76 12 136 3 2 40 441 21 4 41 115 17 411 28 124 170 34 37
internal_value=-0.000378351 -0.00441299 0.00444436 0.0129731 0.0183062 -0.0204892 -0.0257377 0.00114416 -0.0143758 0 0.018326 0.0297317 0.0364389 0.00536999 -0.0138032 -0.0174144 0 0.0147927
internal_weight=18.6984 17.4087 11.4905 8.30381 7.76498 5.91826 5.35707 3.71799 3.18667 2.08917 1.78017 4.04699 3.18044 1.42997 1.93782 1.08498 0.866553 1.12731
internal_count=1730 1654 944 739 727 710 670 262 205 229 136 465 414 69 126 188 51 65
is_linear=0
shrinkage=0.05


Tree=123
num_leaves=21
num_cat=0
split_feature=9 0 0 21 12 21 5 5 0 2 6 21 12 12 3 12 12 8 8 12
split_gain=0.924376 1.03773 0.764945 0.755005 0.938934 0.661979 0.593807 0.54308 0.359923 0.285997 0.263157 0.225986 0.278712 0.217963 0.11076 0.103064 0.0852995 0.0252079 0.0137638 0.0079877
threshold=1.0000000180025095e-35 139520.00000000003 504064.00000000006 0.013750000000000002 5.3896500000000005 0.47695000000000004 2.5000000000000004 1.5000000000000002 48172.000000000007 66.500000000000014 1.0000000180025095e-35 0.60320000000000007 7.0386000000000015 6.9949000000000003 7.5000000000000009 6.1248500000000012 6.491200000000001 6.1225500000000013 5.2056000000000013 7.1328500000000004
decision_type=2 2 2 2 2 2 2 2 2 2 2 2 2 2 2 2 2 2 2 2
left_child=1 6 3 4 -3 -4 13 9 16 -6 -5 12 -10 -1 -9 17 18 -12 -8 -14
right_child=-2 2 5 10 7 -7 8 14 11 -11 15 -13 19 -15 -16 -17 -18 -19 -20 -21
leaf_value=-0.036833989918774908 0.029465822461366142 -0.020586325882929354 -0.027307851272359848 0.0081723107568082345 0.018022835796032508 0.012731362815561566 0.0023295199737080221 0.035829551115358536 -0.027258330668519595 -0.0081514984495809819 -0.0046506873440864205 0.0074079831410469102 0.0049316962105151541 0 0 -0.024797880500995399 0.019456357057591907 0.0055074873162556997 -0.0047959012688979586 0
leaf_weight=2.493350327480591 1.2691700109280635 0.45751854777335932 1.9735110208857798 0.30193675868213143 0.68642140342853997 0.66387464106082905 0.18781218212097905 3.7996180530171841 1.2744607909116896 1.5978778591379521 0.21103569609113038 0.2128707468509673 0.25601911358535279 0.2489329557865857 0.40736234677024175 0.97360818460583687 0.62477697827853262 0.2140950767789036 0.21577716874890029 0.26638719812035561
leaf_count=333 76 4 112 9 40 4 9 521 210 120 37 1 43 14 27 67 9 3 62 29
internal_value=-0.000355991 -0.00435852 0.00423176 0.0116081 0.0187775 -0.0151254 -0.0200197 0.0245971 -0.00134998 0.00128414 -0.0119403 -0.0129579 -0.0189443 -0.0334796 0.0336176 -0.0199633 0.0140746 0 0 0.00263609
internal_weight=18.3364 17.0672 11.2869 8.64947 6.9488 2.63739 5.78039 6.49128 3.0381 2.2843 1.70068 2.00974 1.79687 2.74228 4.20698 1.39874 1.02837 0.425131 0.403589 0.522406
internal_count=1730 1654 944 828 712 116 710 708 363 160 116 283 282 347 548 107 80 40 71 72
is_linear=0
shrinkage=0.05


Tree=124
num_leaves=20
num_cat=0
split_feature=9 0 16 12 5 19 8 6 0 2 12 16 2 12 12 16 12 8 12
split_gain=0.881171 0.967901 0.777627 0.800345 0.576331 0.561014 0.533361 0.42823 0.341231 0.286928 0.213302 0.182189 0.182117 0.166261 0.258575 0.135422 0.0828002 0.013536 0.00787959
threshold=1.0000000180025095e-35 139520.00000000003 172288.00000000003 5.3896500000000005 2.5000000000000004 1.0000000180025095e-35 6.3706000000000005 1.0000000180025095e-35 48172.000000000007 197.50000000000003 6.9949000000000003 42240.000000000007 248.50000000000003 7.0386000000000015 5.2473500000000008 119552.00000000001 6.491200000000001 5.2056000000000013 7.1328500000000004
decision_type=2 2 2 2 2 2 2 2 2 2 2 2 2 2 2 2 2 2 2
left_child=1 4 3 -3 10 7 -4 9 16 -5 -1 -9 -8 14 -10 -7 17 -6 -15
right_child=-2 2 6 5 8 15 12 11 13 -11 -12 -13 -14 18 -16 -17 -18 -19 -20
leaf_value=-0.036373221460775304 0.028900421753884454 -0.021839111739644233 -0.027663589685888165 0.032860196316435657 0.0023117551421575617 -0.017058875917140667 -0.0065538827311571388 -0.01129797218474236 0.0045375533523470254 -0.0013352492720705785 0 0.010259906213441472 0.015965819190555574 0.004885724886097796 -0.026180469530670571 0.0038238136482457623 0.019171463330263691 -0.0047574520108342594 0
leaf_weight=2.413390988600447 1.249369628727435 0.53759225783869435 1.6822997741401189 4.2522645397111773 0.18748563295230292 0.5823878776282071 0.62973846308886983 0.65318913431838144 0.27238171221688379 0.29792376118712116 0.2489329557865857 1.3223220666404811 0.77029349096119404 0.25494314357638348 1.1829112458508459 0.38196865771897137 0.61740578059107065 0.21475274185650051 0.26638719812035561
leaf_count=333 76 12 136 536 9 31 32 32 5 24 14 80 37 43 206 24 9 62 29
internal_value=-0.000321688 -0.00428428 0.00405439 0.0122643 -0.0195573 0.0175849 -0.0138693 0.022723 -0.001114 0.0298832 -0.0329769 5.01163e-05 0.00524288 -0.0125733 -0.0188882 -0.00850628 0.013851 0 0.00259655
internal_weight=18.0179 16.7686 11.11 8.02765 5.65859 7.49006 3.08233 6.5257 2.99627 4.55019 2.66232 1.97551 1.40003 1.97662 1.45529 0.964357 1.01964 0.402238 0.52133
internal_count=1730 1654 944 739 710 727 205 672 363 560 347 112 69 283 211 55 80 71 72
is_linear=0
shrinkage=0.05


Tree=125
num_leaves=15
num_cat=0
split_feature=18 3 12 16 16 17 0 17 11 3 13 0 1 21
split_gain=0.898466 0.855913 0.733167 0.562268 0.639965 0.411772 0.549733 0.354743 0.345174 0.272953 0.328684 0.202212 0.136119 0.121176
threshold=1.5000000000000002 1.5000000000000002 7.0585500000000012 9472.0000000000018 46336.000000000007 0.032600000000000011 48172.000000000007 0.8610500000000002 16.257150000000003 10.500000000000002 1.5778500000000002 1040016.0000000001 8.5000000000000018 1.0000000180025095e-35
decision_type=2 2 2 2 2 2 2 2 2 2 2 2 2 2
left_child=1 7 3 -3 5 -5 -7 8 -1 10 -6 12 -4 -9
right_child=-2 2 11 4 9 6 -8 13 -10 -11 -12 -13 -14 -15
leaf_value=-0.032452145834620034 -0.028500231402778742 0.02298307107200263 0.032369857848347831 0.0084149887559889138 0.017426845968134857 0.0023215341263714473 -0.037933361043733516 0.013777088403368682 0.0010268049034491565 -0.012030247514581467 -0.0063659003850631384 -0.001904650169571871 0 -0.0052371598138461987
leaf_weight=1.6550266630947659 1.5143810262670729 1.3826987342908967 2.7626191363669932 0.3153841625899062 3.4688204198610038 0.75769411562942002 1.694974238052964 0.44419049844145753 0.61195514397695649 0.67837880877777923 1.1533658653497694 0.13152383640408505 0.47441156907007087 0.68381981807760894
leaf_count=131 338 58 551 15 159 82 159 6 7 35 116 2 36 35
internal_value=-0.000375965 0.00346322 0.00962721 0.00111563 -0.00420151 -0.0204562 -0.0269788 -0.0155695 -0.0243363 0.00539285 0.0105243 0.026642 0.0291577 0.00285633
internal_weight=17.7292 16.2149 12.8199 9.45132 8.06862 2.76805 2.45267 3.39499 2.26698 5.30057 4.62219 3.36855 3.23703 1.12801
internal_count=1730 1392 1213 624 566 256 241 179 138 310 275 589 587 41
is_linear=0
shrinkage=0.05


Tree=126
num_leaves=22
num_cat=0
split_feature=9 8 2 12 11 2 17 16 12 5 5 8 11 11 11 12 13 12 8 8 16
split_gain=0.823063 0.919157 0.886174 1.27758 0.767592 0.644387 0.559471 0.310737 0.25505 0.234719 0.26349 0.289528 0.252862 0.231795 0.19216 0.112889 0.0428983 0.0428958 0.0343617 0.0331348 0.0295746
threshold=1.0000000180025095e-35 6.5158000000000014 82.500000000000014 5.8306500000000012 15.297350000000003 110.50000000000001 0.93110000000000015 37120.000000000007 7.6222000000000003 1.5000000000000002 3.5000000000000004 6.0478000000000014 13.943400000000002 13.104050000000003 15.07615 7.3679500000000013 0.42760000000000004 4.4235000000000007 6.5048000000000004 6.6485000000000012 41728.000000000007
decision_type=2 2 2 2 2 2 2 2 2 2 2 2 2 2 2 2 2 2 2 2 2
left_child=1 2 3 13 -4 7 8 19 18 12 14 -12 -5 17 -11 -9 -17 -1 -6 -3 -10
right_child=-2 5 4 9 6 -7 -8 15 20 10 11 -13 -14 -15 -16 16 -18 -19 -20 -21 -22
leaf_value=0 0.02800271998193803 0 0.013683047927824852 0.012026527262659351 -0.038447305570784962 0.028469092638040979 0.0081825806893329051 -0.021833465060139483 0.0055490903310133491 -0.0011382994611414498 -0.012969524924493388 0.016355109005838822 -0.0155578533102083 5.1629111517822595e-05 0.031224329161807302 -0.0055234106852373377 0.0074355693979335086 -0.035313991387406006 0 0.014501582226579513 -0.0053899963946705595
leaf_weight=0.3004883877001755 1.215741199441253 0.33666054718196337 0.42625571275129903 0.61403334327042081 4.1373948033433408 2.0630810207221657 0.29535783454775799 0.87161219632253029 0.25951289455406357 0.12230844877194691 0.8019067635759709 0.57285789609886706 0.65012374427169561 0.32324928557500232 2.0314641452860087 0.1771184504032135 0.29023587633855641 1.1277796883368862 0.21515833260491479 0.44322488480247557 0.2099990863353014
leaf_count=13 76 24 5 35 548 174 5 23 43 12 67 108 105 23 228 1 76 126 7 26 5
internal_value=-0.000415644 -0.00432721 -0.011383 0.000783019 -0.0244338 0.0133636 -0.0301438 -0.00415333 -0.0343524 0.0145824 0.0200357 0 -0.000557014 -0.0267357 0.0280229 -0.0161489 0 -0.032382 -0.037453 0.0111346 0
internal_weight=17.4856 16.2698 12.0879 6.54421 5.54368 4.18193 5.11742 2.11885 4.82207 4.79269 3.52854 1.37476 1.26416 1.75152 2.15377 1.33897 0.467354 1.42827 4.35255 0.779885 0.469512
internal_count=1730 1654 1330 717 613 324 608 150 603 555 415 175 140 162 240 100 77 139 555 50 48
is_linear=0
shrinkage=0.05


Tree=127
num_leaves=13
num_cat=0
split_feature=18 3 19 12 2 8 16 12 6 21 11 0
split_gain=0.835939 0.7843 1.13876 0.571753 0.6505 0.711458 0.441452 0.314997 0.303977 0.257917 0.212514 0.082744
threshold=1.5000000000000002 1.5000000000000002 1.0000000180025095e-35 5.1710000000000012 117.50000000000001 6.5353000000000003 23296.000000000004 7.8758500000000007 1.0000000180025095e-35 0.057650000000000007 16.609700000000004 131304.00000000003
decision_type=2 2 2 2 2 2 2 2 2 2 2 2
left_child=1 8 3 -3 9 6 -6 -4 -1 10 -5 -7
right_child=-2 2 7 4 5 11 -8 -9 -10 -11 -12 -13
leaf_value=0 -0.027835949250224003 -0.016587040115126944 -0.028018581659181904 0.0090105215879297332 0.012030365012160975 0 -0.022329766818842814 0.0051154750139398592 -0.027279796788685296 0 0.03722331863467971 0.025965905979001148
leaf_weight=1.9746324140578535 1.4423091178759921 0.35629176720976552 1.3571667411597452 2.372382052941246 0.40275352820754129 0.24166273465380061 2.0352588773239404 0.32544409483671177 1.3132840282050893 0.60101974173448969 3.7143420143984258 1.0360530773177741
leaf_count=26 338 4 247 116 24 27 91 2 153 28 614 60
internal_value=-0.000290858 0.00344874 0.00944105 0.0158315 0.0187374 0.000133918 -0.013351 -0.0202281 -0.014975 0.0270612 0.0297557 0.0226246
internal_weight=17.1726 15.7303 12.4424 10.7598 10.4035 3.71573 2.43801 1.68261 3.28792 6.68774 6.08672 1.27772
internal_count=1730 1392 1213 964 960 202 115 249 179 758 730 87
is_linear=0
shrinkage=0.05


Tree=128
num_leaves=22
num_cat=0
split_feature=9 8 2 12 11 2 0 8 5 12 8 0 11 8 11 0 1 0 12 21 2
split_gain=0.762762 0.840915 0.788109 1.17992 0.720684 0.594422 0.516007 0.391528 0.355814 0.28394 0.279245 0.276319 0.22173 0.161511 0.128567 0.125231 0.112476 0.0545127 0.0431005 0.0362721 0.000549407
threshold=1.0000000180025095e-35 6.5215500000000004 82.500000000000014 5.8306500000000012 15.297350000000003 110.50000000000001 145600.00000000003 5.8178500000000009 5.5000000000000009 7.5300000000000002 6.6278000000000015 663916.00000000012 13.104050000000003 6.5086000000000004 23.414850000000005 131304.00000000003 3.5000000000000004 49116.000000000007 4.4235000000000007 0.017650000000000002 68.500000000000014
decision_type=2 2 2 2 2 2 2 2 2 2 2 2 2 2 2 2 2 2 2 2 2
left_child=1 2 3 12 -4 10 7 17 9 13 -3 19 18 -6 -10 -7 -12 -5 -1 -8 -18
right_child=-2 5 4 6 8 15 11 -9 14 -11 16 -13 -14 -15 -16 -17 20 -19 -20 -21 -22
leaf_value=0 0.027105888727905644 -0.018718898785994576 0.013388764097003647 0.016504714171322803 -0.039971714312336343 0 0.030988998170033779 -0.019217347699493608 0.010085463991874391 0 -0.0026797051177172232 -0.0035199387715453101 4.8631597881598446e-05 0 -0.010973693083597968 0.031116929185600575 0.015965942082390862 0 -0.034560792120088467 0 0
leaf_weight=0.30072857858612945 1.1887409817427403 0.78609415516257453 0.41978027625009406 0.5333657059818504 3.4264550815569241 0.24798015924170602 2.2767946209060037 0.98280094785150141 0.50581304286606599 0.47696649655699719 0.56030620634555794 0.22719258069992054 0.31977396761067201 0.18547008093446482 0.39717835793271661 1.6856342295650391 0.53601239714771509 0.361088200006634 1.0839774910127742 0.26591896265745152 0.14087236113846302
leaf_count=13 76 30 5 10 489 28 322 157 19 51 13 8 23 8 46 143 70 47 126 12 34
internal_value=-0.000370882 -0.00424456 -0.0110355 0.000601559 -0.0234372 0.0130887 0.0141164 -0.00348061 -0.0290861 -0.0342187 -0.00398112 0.0251286 -0.0259922 -0.0380254 0 0.027923 0.00732957 0.012188 -0.0316012 0.0293707 0.0152538
internal_weight=16.9089 15.7202 11.7633 6.35164 5.41166 3.9569 4.64716 1.87725 4.99188 4.08889 2.02329 2.76991 1.70448 3.61193 0.902991 1.93361 1.23719 0.894454 1.38471 2.54271 0.676885
internal_count=1730 1654 1336 718 618 318 556 214 613 548 147 342 162 497 65 171 117 57 139 334 104
is_linear=0
shrinkage=0.05


Tree=129
num_leaves=12
num_cat=0
split_feature=18 3 2 8 16 9 16 0 6 0 2
split_gain=0.782493 0.731444 0.983729 0.694946 0.762289 0.611598 0.436544 0.395827 0.282847 0.168406 0.00811912
threshold=1.5000000000000002 1.5000000000000002 58.500000000000007 6.5284000000000004 65792.000000000015 1.0000000180025095e-35 8448.0000000000018 370176.00000000006 1.0000000180025095e-35 35300.000000000007 113.50000000000001
decision_type=2 2 2 2 2 2 2 2 2 2 2
left_child=1 8 9 5 -5 6 -4 -8 -1 -3 -6
right_child=-2 2 3 4 10 -7 7 -9 -10 -11 -12
leaf_value=0 -0.027271444656342476 0 0.011843834006622651 -0.012520171953116714 0 0.018732577050868438 -0.027078729397910273 0 -0.026609193976517995 0.032880121626904818 0.032679065461769095
leaf_weight=1.9472410948947099 1.3829975328408171 0.34487611730582957 0.45391040318645348 0.63834626087918911 0.17247418384067703 0.68365631252527226 3.583995494293049 1.7629095783922819 1.2553386616054922 2.7041751682991162 1.6785499339457599
leaf_count=26 338 32 25 39 44 15 334 209 153 353 162
internal_value=-0.000291774 0.00338049 0.00929135 0 0.0184771 -0.0085418 -0.0147732 -0.0193307 -0.0145506 0.0297496 0.0315626
internal_weight=16.6085 15.2255 12.0229 8.97384 2.48937 6.48447 5.80082 5.34691 3.20258 3.04905 1.85102
internal_count=1730 1392 1213 828 245 583 568 543 179 385 206
is_linear=0
shrinkage=0.05


Tree=130
num_leaves=19
num_cat=0
split_feature=17 12 12 17 8 8 0 18 17 19 0 8 17 5 3 17 1 11
split_gain=0.759538 0.864111 0.546124 0.426916 0.441275 0.287121 0.601856 0.44954 0.278521 0.231062 0.205162 0.222311 0.176161 0.0954039 0.0843168 0.0778012 0.0378796 0.0480556
threshold=0.83260000000000012 7.6222000000000003 6.0767500000000014 0.38905000000000006 6.4884000000000013 6.1614500000000012 197632.00000000003 1.0000000180025095e-35 0.5172500000000001 1.0000000180025095e-35 13056.000000000002 6.7862000000000009 0.017350000000000001 6.5000000000000009 3.5000000000000004 0.017850000000000001 8.5000000000000018 32.236500000000007
decision_type=2 2 2 2 2 2 2 2 2 2 2 2 2 2 2 2 2 2
left_child=1 3 -2 4 5 6 7 -1 16 14 -5 -12 -7 -14 -6 -8 17 -3
right_child=2 8 -4 10 9 12 15 -9 -10 -11 11 -13 13 -15 -16 -17 -18 -19
leaf_value=0.019869175399703835 -0.010525100538492468 0.027305392405773045 0.029779119225602942 0.0017647607815823132 0 0.00020710461410735926 0 -0.010965121516115086 -0.0058594751299723778 -0.0070149382482422853 -0.031914460896501538 0.00082358409089445172 -0.027574816411418093 0 0.023821917541330402 -0.028056504562487303 0 0
leaf_weight=2.4101823940873168 0.37157953693531398 1.5183179172454395 2.0272653477732092 0.17782076681032721 0.45197565108537663 0.39171615545637939 0.71147213061340131 0.80163133249152441 0.29646511748433102 0.26122232573106874 2.4947486362652858 0.21214229520410288 1.8715458819642665 0.28547274507582177 1.1010457184165714 0.6014213771559298 0.19453355576843012 0.18800457660108794
leaf_count=254 39 369 123 5 13 38 57 104 19 11 356 19 135 18 119 28 13 10
internal_value=-0.000253451 -0.00535183 0.0208051 -0.0111154 -0.00389514 -0.00987495 -0.000299345 0.0102099 0.017782 0.012867 -0.0253445 -0.0284699 -0.0205907 -0.0248207 0.0196075 -0.0214693 0.0239417 0.0254833
internal_weight=16.3686 13.9697 2.39884 11.7724 8.88769 7.07344 4.52471 3.21181 2.19732 1.81424 2.88471 2.70689 2.54873 2.15702 1.55302 1.31289 1.90086 1.70632
internal_count=1730 1568 162 1157 777 634 443 358 411 143 380 375 191 153 132 85 392 379
is_linear=0
shrinkage=0.05


Tree=131
num_leaves=14
num_cat=0
split_feature=18 3 19 12 2 5 8 21 8 0 12 6 0
split_gain=0.72769 0.700285 1.03334 0.534537 0.547291 0.618691 0.57793 0.395219 0.365085 0.294565 0.274246 0.263841 0.0329605
threshold=1.5000000000000002 1.5000000000000002 1.0000000180025095e-35 5.1710000000000012 117.50000000000001 1.0000000180025095e-35 6.5353000000000003 0.057650000000000007 5.6084000000000005 157580.00000000003 7.8758500000000007 1.0000000180025095e-35 132352.00000000003
decision_type=2 2 2 2 2 2 2 2 2 2 2 2 2
left_child=1 11 3 -3 5 9 8 -7 -6 -5 -4 -1 -8
right_child=-2 2 10 4 6 7 12 -9 -10 -11 -12 -13 -14
leaf_value=0 -0.026658585157568748 -0.015759127294149095 -0.026969043527469705 -0.013538270851487892 0.010127112781743809 0.039299871413550291 0 0 -0.02090026149329096 0.014197939816664465 0.0042844252459460722 -0.02613894906344897 0.023635517744224371
leaf_weight=1.9254243122413781 1.3225718155736093 0.35888783074915132 1.2691790900425992 0.88963873754255274 0.4566189812030651 3.8963018915383145 0.28400880889967062 0.56879003252834071 1.8219893288332967 0.93504493497312069 0.31568916887044896 1.2152966435533017 0.89505947125144303
leaf_count=26 338 4 247 66 28 588 29 28 87 76 2 153 58
internal_value=-0.000292861 0.00327772 0.00916839 0.0154793 0.018454 0.0262614 0.000424856 0.0346835 -0.0119651 0 -0.0195602 -0.0143611 0.0211663
internal_weight=16.1545 14.8319 11.6912 10.1063 9.74745 6.28978 3.45768 4.46509 2.27861 1.82468 1.58487 3.14072 1.17907
internal_count=1730 1392 1213 964 960 758 202 616 115 142 249 179 87
is_linear=0
shrinkage=0.05


Tree=132
num_leaves=20
num_cat=0
split_feature=9 0 16 12 5 19 0 6 13 12 16 0 12 11 11 21 5 5 5
split_gain=0.66084 0.750134 0.604849 0.675564 0.488218 0.439604 0.413221 0.323445 0.315795 0.269333 0.289972 0.206843 0.168856 0.124143 0.120568 0.0954148 0.00362482 0.00148244 0.00027846
threshold=1.0000000180025095e-35 139520.00000000003 172288.00000000003 5.3896500000000005 2.5000000000000004 1.0000000180025095e-35 373248.00000000006 1.0000000180025095e-35 0.093750000000000014 6.491200000000001 8960.0000000000018 177408.00000000003 6.9949000000000003 29.227350000000005 17.036550000000002 0.010850000000000002 5.5000000000000009 4.5000000000000009 5.5000000000000009
decision_type=2 2 2 2 2 2 2 2 2 2 2 2 2 2 2 2 2 2 2
left_child=1 4 3 -3 12 7 14 11 -9 10 -6 -5 -1 -7 -4 17 -16 -11 -19
right_child=-2 2 6 5 9 13 -8 8 -10 15 -12 -13 -14 -15 16 -17 -18 18 -20
leaf_value=-0.034353861166896274 0.025481702209994763 -0.019749313158240245 -0.0062607785560867329 0 0.0067431630209024741 -0.015641715653311281 -0.024751534091904941 0.014693172633194621 -0.014177091591526317 0.017343763170418518 -0.023144204487388596 0.033003568892982942 0 0.0045264305661926688 0 -0.0016802808105579011 0.014509141625509767 0 0.00078731524822525266
leaf_weight=2.0976321549387644 1.1240626221988357 0.53497710311785152 0.24453946854919217 0.85562097816728089 0.44099501287564657 0.54257872560992826 1.595639166771434 1.0444862325675783 0.73235991224646557 0.72341628395952262 0.96634960791561753 3.0872522252611816 0.22487993258982886 0.31104902748484164 0.32498456886969507 0.23352403461467475 0.53589495783671737 0.14545574982184917 0.1230646928306669
leaf_count=333 76 12 13 40 23 49 126 53 59 25 237 520 14 6 42 29 24 20 29
internal_value=-0.000402357 -0.0041815 0.00356894 0.0112764 -0.0183866 0.016736 -0.0129301 0.0215696 0.000172917 -0.000232775 -0.0127912 0.0282147 -0.031197 -0.00711804 0.00541039 0.0112099 0.0129954 0.0160747 0
internal_weight=15.8888 14.7647 9.80938 7.10832 4.95532 6.57335 2.70106 5.71972 1.77685 2.63281 1.40734 3.94287 2.32251 0.853628 1.10542 1.22546 0.86088 0.991937 0.26852
internal_count=1730 1654 944 739 710 727 205 672 112 363 260 560 347 55 79 103 66 74 49
is_linear=0
shrinkage=0.05


Tree=133
num_leaves=21
num_cat=0
split_feature=17 12 12 2 17 2 0 8 16 2 18 16 0 13 8 21 0 16 1 2
split_gain=0.709471 0.784758 0.493863 0.36154 0.607057 0.56364 0.382501 0.424757 0.370141 0.267287 0.236269 0.184688 0.146086 0.127878 0.116296 0.111631 0.0901301 0.0713541 0.0360181 0.00535954
threshold=0.83260000000000012 7.6222000000000003 6.0767500000000014 58.500000000000007 0.017850000000000001 2.0000000000000004 48172.000000000007 6.5786000000000007 8448.0000000000018 2.0000000000000004 1.5000000000000002 111616.00000000001 1040016.0000000001 0.43855000000000005 7.054850000000001 0.018850000000000002 112612.00000000001 173312.00000000003 8.5000000000000018 51.500000000000007
decision_type=2 2 2 2 2 2 2 2 2 2 2 2 2 2 2 2 2 2 2 2
left_child=1 3 -2 5 17 14 13 8 -8 -3 16 -9 18 -6 -1 -4 19 -5 -11 -7
right_child=2 9 15 4 6 10 7 11 -10 12 -12 -13 -14 -15 -16 -17 -18 -19 -20 -21
leaf_value=-0.022360425350787996 -0.0098855280416937346 -0.0068402737745889512 0.033361193578777114 0.016935918610793601 -0.0076940217337979457 -0.0002016631312105831 0.0043908928309897132 -0.010999813660254395 -0.03302243754130315 0.027571351644912076 -0.0062505826463699525 0.013457298527305178 -0.00098932530046245233 0.012736220106577226 0.00036376148951695956 0 0.026109745264045133 0 0 0.0032515147745192565
leaf_weight=0.94127766008023017 0.35195225314237299 0.21447245031595175 1.4490214225370435 0.54406613763421763 0.29820589069277037 0.48119567870162461 0.24320828914642323 0.46196952275931813 5.0206213677302003 1.5647218298399819 0.2530951682711019 0.57279176078736782 0.11266481783241022 0.58589212293736637 0.17976417019963264 0.50738252187147725 1.2051338541787115 0.19989548739977181 0.19731891388073552 0.2616504083853215
leaf_count=122 39 2 104 58 96 41 5 10 539 389 37 95 4 39 2 19 79 17 16 17
internal_value=-0.000425007 -0.00549298 0.020156 -0.0111046 -0.0164211 0.00128822 -0.0211499 -0.0251107 -0.0300705 0.0169171 0.0151657 4.13493e-05 0.0228083 0.00276517 -0.0179057 0.0287674 0.0208207 0.0123151 0.0259475 0
internal_weight=15.6463 13.3379 2.30836 11.2488 7.92665 3.32212 7.18269 6.29859 5.26383 2.08918 2.20108 1.03476 1.87471 0.884098 1.12104 1.9564 1.94798 0.743962 1.76204 0.742846
internal_count=1730 1568 162 1157 859 298 784 649 544 411 174 105 409 135 124 123 137 75 405 58
is_linear=0
shrinkage=0.05


Tree=134
num_leaves=16
num_cat=0
split_feature=18 1 19 13 5 13 2 21 0 5 0 18 1 8 0
split_gain=0.670874 0.618303 0.900411 0.397018 0.457462 0.452218 0.41572 0.29915 0.270878 0.209444 0.201064 0.196351 0.147125 0.14094 0.052661
threshold=1.5000000000000002 3.5000000000000004 1.0000000180025095e-35 1.0041500000000003 1.0000000180025095e-35 3.2628500000000007 58.500000000000007 0.010300000000000002 34788.000000000007 6.5000000000000009 152292.00000000003 1.0000000180025095e-35 5.5000000000000009 6.0810000000000004 218336.00000000003
decision_type=2 2 2 2 2 2 2 2 2 2 2 2 2 2 2
left_child=1 11 3 4 10 6 -5 12 -8 -4 -3 13 -7 -1 -12
right_child=-2 2 9 5 -6 7 8 -9 -10 -11 14 -13 -14 -15 -16
leaf_value=-0.010645447422480607 -0.025954910271732107 -0.01188615166913503 -0.025500769142373737 0.012251948502617165 0.030124799071505632 0.026374888241498778 0.0054080748694131297 -0.0076174711787368957 -0.026592508615275935 0.0020309209824142826 0.014434559162026996 -0.024892449759117235 -0.0008886906345171782 0.0089988076393027316 0
leaf_weight=0.79438963113352568 1.255881140939892 0.77380846114828816 1.1332974531687803 0.43530170863959972 3.8931862754980102 1.542990925023332 0.18360610306262959 0.2825114473234861 1.6484822143102063 0.36733914900105435 0.84159142756834604 1.0466583186062053 0.11772842798382033 0.83997747232206166 0.25175011344254017
leaf_count=25 338 58 235 68 282 285 1 17 147 14 78 144 8 22 8
internal_value=-0.000274745 0.00323661 0.0086223 0.0145072 0.0220836 0.000933628 -0.0111537 0.0157338 -0.0208428 -0.0186448 0 -0.0145315 0.0229554 0 0.0109731
internal_weight=15.4085 14.1526 11.4716 9.97096 5.76034 4.21062 2.26739 1.94323 1.83209 1.50064 1.86715 2.68103 1.66072 1.63437 1.09334
internal_count=1730 1392 1201 952 426 526 216 310 148 249 144 191 293 47 86
is_linear=0
shrinkage=0.05


Tree=135
num_leaves=19
num_cat=0
split_feature=17 18 12 12 2 21 3 2 2 5 12 8 21 5 13 8 16 8
split_gain=0.646888 0.726363 0.698359 0.463608 0.381187 0.323234 0.300172 0.22662 0.426886 0.435952 0.162363 0.115678 0.104074 0.102434 0.0168329 0.0112563 0.00397371 0.000284607
threshold=0.83260000000000012 1.0000000180025095e-35 7.2691000000000008 6.0767500000000014 58.500000000000007 0.96195000000000019 1.5000000000000002 66.500000000000014 145.50000000000003 1.5000000000000002 7.8020500000000004 6.1100000000000012 0.018850000000000002 7.5000000000000009 4.4943000000000008 6.4413500000000008 268800.00000000006 7.722150000000001
decision_type=2 2 2 2 2 2 2 2 2 2 2 2 2 2 2 2 2 2
left_child=1 2 4 -2 6 10 -1 -6 9 -9 13 -8 -5 14 -3 -13 -4 -12
right_child=3 5 16 12 7 -7 11 8 -10 -11 17 15 -14 -15 -16 -17 -18 -19
leaf_value=-0.0081979317978182597 -0.0095976372767472666 -0.030626126606160143 0.026041330754252252 0.032446667410341433 -0.028821916964544659 0.007687985516577317 0.023905159787552421 -0.011702730944004199 -0.021136886281979766 0.017632877925099464 0.00071692719825617332 -0.0042213338562727817 0 0 -3.7854001997309003e-05 0.0023395559936198688 0 -0.00019291599409133439
leaf_weight=0.63644173182546948 0.34305464709177735 2.8123621358536184 1.4884904467035083 1.3947836630977688 0.57612971682101477 0.21667625010013569 1.1282769269309936 1.1024282373255121 1.2367585530737413 2.010238443268463 0.29143261490389694 0.20441016135737289 0.49651975114829827 0.26717148476745922 0.38649687613360573 0.22016809927299619 0.093795676715671905 0.28281229408457875
leaf_count=21 39 507 423 104 22 1 60 115 124 158 13 31 19 23 17 15 5 33
internal_value=-0.000381285 -0.00531282 0.00276583 0.019467 -0.00418965 -0.0201555 0.00947914 -0.0116833 -0.00351498 0.00570798 -0.0238697 0.019056 0.0279643 -0.0270908 -0.0290104 0 0.0254887 0
internal_weight=15.1884 12.9541 8.69714 2.23436 7.11485 4.25695 2.1893 4.92555 4.34943 3.11267 4.04028 1.55286 1.8913 3.46603 3.19886 0.424578 1.58229 0.574245
internal_count=1730 1568 974 162 546 594 127 419 397 273 593 106 123 547 524 46 428 46
is_linear=0
shrinkage=0.05


Tree=136
num_leaves=16
num_cat=0
split_feature=18 1 19 12 21 11 21 9 13 12 4 0 0 12 21
split_gain=0.609672 0.576662 0.851333 0.5765 0.453862 0.579712 0.343316 0.300036 0.292254 0.24338 0.151644 0.121905 0.058456 0.0544093 0.0233862
threshold=1.5000000000000002 3.5000000000000004 1.0000000180025095e-35 6.491200000000001 0.0029000000000000002 19.880200000000002 0.0117 1.0000000180025095e-35 0.77945000000000009 7.8758500000000007 15.500000000000002 606252.00000000012 60188.000000000007 6.3282500000000006 0.012600000000000002
decision_type=2 2 2 2 2 2 2 2 2 2 2 2 2 2 2
left_child=1 7 3 4 5 12 10 -1 -6 -4 11 -5 -3 -7 -10
right_child=-2 2 9 6 8 13 -8 -9 14 -11 -12 -13 -14 -15 -16
leaf_value=-0.020458726072922401 -0.025220834799749011 0 -0.025625534531611462 0.033504310775221167 0.024548828867309733 0 0 0.0087038174267125065 0 0.0039165242422389305 0 0 -0.027882352277076795 0.014700531136335014 -0.0085580584967050507
leaf_weight=2.3210750956786792 1.1919679216807715 0.46507874666712856 1.1615591679001234 3.557849944802002 1.3659367701038716 0.56028867978602626 0.98553522955626238 0.29562551458366204 0.1494546909816562 0.30548071116209019 0.137266658945009 0.23829811485484231 1.2847718498669563 0.6501407315954566 0.31932561530265957
leaf_count=185 338 40 247 693 50 33 24 6 5 2 7 8 31 13 48
internal_value=-0.000378774 0.00298876 0.00828298 0.0141099 0.000124879 -0.0100676 0.0245735 -0.014286 0.0160842 -0.0183532 0.0299744 0.0316737 -0.0243474 0.00998955 -0.00509729
internal_weight=14.9897 13.7977 11.181 9.71395 4.795 2.96028 4.91895 2.6167 1.83472 1.46704 3.93341 3.79615 1.74985 1.21043 0.46878
internal_count=1730 1392 1201 952 220 117 732 191 103 249 708 701 71 46 53
is_linear=0
shrinkage=0.05


Tree=137
num_leaves=24
num_cat=0
split_feature=17 17 12 6 1 12 21 0 17 17 21 9 18 11 13 11 0 21 13 11 13 5 17
split_gain=0.612269 0.673665 0.595769 0.45776 0.46786 0.43839 0.32566 0.383822 0.60433 0.367234 0.226075 0.217923 0.164559 0.128128 0.115214 0.102314 0.0955051 0.0913673 0.0894644 0.0701302 0.0556186 0.0350393 0.000285556
threshold=0.83260000000000012 0.38905000000000006 6.491200000000001 1.0000000180025095e-35 5.5000000000000009 6.0767500000000014 0.0033500000000000001 442464.00000000006 0.13405000000000003 0.083950000000000011 0.011400000000000002 1.0000000180025095e-35 1.5000000000000002 15.07615 1.6704000000000001 28.564050000000005 606252.00000000012 0.018850000000000002 1.0041500000000003 29.850650000000005 0.064200000000000021 5.5000000000000009 0.5545500000000001
decision_type=2 2 2 2 2 2 2 2 2 2 2 2 2 2 2 2 2 2 2 2 2 2 2
left_child=1 2 6 4 12 -2 7 8 -1 18 16 19 13 -4 -10 -6 -5 -7 -8 20 -3 -22 -21
right_child=5 11 3 10 15 17 9 -9 14 -11 -12 -13 -14 -15 -16 -17 -18 -19 -20 22 21 -23 -24
leaf_value=-0.037587379286601469 -0.0092838604429596513 0 0 0.013841238444887279 -0.0122394576974272 0.031710128891731929 0.020877236865982637 0.0073275143769257218 -0.007021512150282426 -0.01447450951708803 -0.018901592649409812 0.0034204434966899652 -2.057148387560956e-05 0.034552752809505365 0.012332761702150453 0.0053079652280402928 -0.0041260818959227346 0 0 0 -0.031373623171707603 0 -0.00076127801244039561
leaf_weight=1.6268772475887079 0.3336778059601796 0.23103549901861731 0.10942075401544693 0.5135815597604958 0.46553018479607977 1.3450027301441876 0.97431344143114962 0.44019023701548565 0.27760095987468947 0.53773961425758887 0.66106422722805291 0.15725123183801759 0.098083665594458469 2.2493345097173005 0.5927082512062043 0.61316473875194788 0.19065385253634304 0.49201978486962605 0.28931196266785264 0.14759991306345899 2.0349730104207997 0.15389959956519295 0.23181339574512094
leaf_count=108 39 30 3 69 22 104 75 25 71 163 39 7 6 489 19 27 11 19 37 11 296 29 31
internal_value=-0.000445856 -0.00532326 0.00120071 0.0126384 0.0209318 0.0190324 -0.00989799 -0.0184165 -0.0251819 0.00382335 -0.00649374 -0.0227851 0.0301754 0.032552 0.00303255 -0.00210453 0.00647628 0.0273977 0.0167734 -0.026086 -0.028412 -0.0301551 0
internal_weight=14.7668 12.5961 9.63958 4.90083 3.53553 2.1707 4.73874 2.93738 2.49719 1.80137 1.3653 2.95657 2.45684 2.35876 0.870309 1.07869 0.704235 1.83702 1.26363 2.79932 2.41991 2.18887 0.379413
internal_count=1730 1568 1164 666 547 162 498 223 198 275 119 404 498 492 90 49 80 123 112 397 355 325 42
is_linear=0
shrinkage=0.05


Tree=138
num_leaves=19
num_cat=0
split_feature=17 12 12 2 3 17 0 8 16 2 18 16 0 8 13 0 1 12
split_gain=0.582323 0.651272 0.424916 0.320958 0.529749 0.528162 0.334864 0.373618 0.327376 0.228887 0.212462 0.15733 0.132655 0.112759 0.107088 0.0893372 0.0343408 0.0072777
threshold=0.83260000000000012 7.6222000000000003 6.0767500000000014 58.500000000000007 1.5000000000000002 0.017850000000000001 48172.000000000007 6.5786000000000007 8448.0000000000018 2.0000000000000004 1.5000000000000002 111616.00000000001 1040016.0000000001 7.054850000000001 0.43855000000000005 35300.000000000007 8.5000000000000018 6.4202000000000004
decision_type=2 2 2 2 2 2 2 2 2 2 2 2 2 2 2 2 2 2
left_child=1 3 -2 4 13 17 14 8 -8 -3 15 -9 16 -1 -7 -6 -11 -5
right_child=2 9 -4 5 10 6 7 11 -10 12 -12 -13 -14 -15 -16 -17 -18 -19
leaf_value=-0.021729997963770765 -0.0091878393553991231 -0.0061342305161679296 0.026924741639129304 0 0 -0.0069391744793793429 0.0038373079270831913 -0.010157663349677564 -0.031813192967121512 0.026204014322492211 -0.005384370879523241 0.012636147436581183 -0.00084338462950388823 0.00047295394907988686 0.011849790571154309 0.024157974795318067 0 0.012713600936975057
leaf_weight=0.90195102815050476 0.33082969009410712 0.2023279219865789 1.8084919252432881 0.20832958351820696 0.32281944714486632 0.27567304100375611 0.22841851064003993 0.43615466915070999 4.6702613509260118 1.4181890755426136 0.22946083615533996 0.53530787769705057 0.10966835636645544 0.17409638687968254 0.54788116971030831 1.458099059644155 0.1848469516262411 0.48197940492536873
leaf_count=123 39 2 123 15 32 96 5 10 539 389 37 95 4 2 39 104 16 60
internal_value=-0.000469336 -0.00528012 0.0185997 -0.0105826 0.00138096 -0.0157479 -0.0203248 -0.0241426 -0.0289345 0.0156808 0.0154191 0 0.0214124 -0.0172318 0.0024622 0.0208698 0.0245949 0.0114434
internal_weight=14.5248 12.3855 2.13932 10.4704 3.08643 7.38401 6.6937 5.87014 4.89868 1.91503 2.01038 0.971463 1.7127 1.07605 0.823554 1.78092 1.60304 0.690309
internal_count=1730 1568 162 1157 298 859 784 649 544 411 173 105 409 125 135 136 405 75
is_linear=0
shrinkage=0.05


Tree=139
num_leaves=22
num_cat=0
split_feature=9 8 2 12 11 2 17 16 12 21 16 16 11 16 5 12 5 21 17 12 11
split_gain=0.541491 0.620672 0.572852 0.888161 0.614462 0.506428 0.425507 0.247258 0.221637 0.169583 0.158696 0.157486 0.156477 0.155488 0.156983 0.0633817 0.0509932 0.037892 0.0322444 0.0295614 0.00509501
threshold=1.0000000180025095e-35 6.5086000000000004 82.500000000000014 5.8306500000000012 15.297350000000003 110.50000000000001 0.93110000000000015 37120.000000000007 7.9931500000000009 0.014750000000000001 10496.000000000002 65792.000000000015 13.104050000000003 8448.0000000000018 1.5000000000000002 7.3679500000000013 3.5000000000000004 0.066850000000000007 0.94455000000000011 4.4235000000000007 21.774700000000003
decision_type=2 2 2 2 2 2 2 2 2 2 2 2 2 2 2 2 2 2 2 2 2
left_child=1 2 3 12 -4 7 8 17 10 13 -6 -7 19 16 -15 -9 -5 -3 -11 -1 -17
right_child=-2 5 4 9 6 11 -8 15 -10 18 -12 -13 -14 14 -16 20 -18 -19 -20 -21 -22
leaf_value=0 0.023540782487699644 0.012977820103348692 0.012002541775819067 0.0051362666281637081 0 -0.00026996966374806308 0.0063480906266364717 -0.01986557390161342 0.0010356845626370273 -0.0085512926226558733 -0.036381183973464917 0.028660194780606871 0 0 0.026706661606315504 -0.0017947359095434072 -0.0083604457129512338 0 0.0010806472652161335 -0.030863351301450549 0.0027474852317600821
leaf_weight=0.27018760866485336 1.0220050110947347 0.41212366730906014 0.3854155996814369 0.34926199039910066 0.10629969602450851 0.14884866261854757 0.2469104342162608 0.77716330951079704 0.12237406952772278 0.32142992026638229 3.4962439661612734 1.6287537720054386 0.2722417099867015 0.86760657513514194 1.8387064224807543 0.22826295951381326 0.31461605639196932 0.25440988317131996 0.15099302213639021 0.94066697091329843 0.16327630099840462
leaf_count=13 76 43 5 73 19 6 5 25 31 58 549 172 23 112 287 9 18 7 5 126 68
internal_value=-0.000350676 -0.00405512 -0.0106836 8.0329e-06 -0.022247 0.011091 -0.0283218 -0.00489186 -0.0325354 0.0131463 -0.0347393 0.0252126 -0.0236042 0.0168685 0.0209856 -0.0158218 0 0.00926661 -0.00343388 -0.0283321 0
internal_weight=14.3178 13.2958 9.68295 5.32571 4.35724 3.61284 3.97183 1.83524 3.72492 3.84261 3.60254 1.7776 1.4831 3.37019 2.70631 1.1687 0.663878 0.666534 0.472423 1.21085 0.391539
internal_count=1730 1654 1324 715 609 330 604 152 599 553 568 178 162 490 399 102 91 50 63 139 77
is_linear=0
shrinkage=0.05


Tree=140
num_leaves=18
num_cat=0
split_feature=18 6 5 12 3 2 18 11 19 3 3 11 11 8 2 2 8
split_gain=0.562483 0.615884 0.586957 0.726423 0.655255 0.513606 0.432811 0.412915 0.344189 0.335507 0.331332 0.242991 0.0907793 0.0572321 0.0606824 0.0191726 0.017723
threshold=1.0000000180025095e-35 1.0000000180025095e-35 1.5000000000000002 5.1710000000000012 7.5000000000000009 35.500000000000007 1.5000000000000002 10.331200000000003 1.0000000180025095e-35 6.5000000000000009 10.500000000000002 17.962050000000005 23.499100000000002 6.5292500000000011 100.50000000000001 6.5000000000000009 6.5158000000000014
decision_type=2 2 2 2 2 2 2 2 2 2 2 2 2 2 2 2 2
left_child=2 6 5 -4 7 15 10 -5 -9 -7 11 -2 -6 14 -14 -1 -11
right_child=1 -3 3 4 12 9 -8 8 -10 16 -12 -13 13 -15 -16 -17 -18
leaf_value=0 -0.0016221948072879821 -0.030450820383643103 -0.018136689782062617 -0.0061393598967949669 -0.012855230898678714 -0.029436897191162138 -0.018721057329792783 0.035337233295811697 -0.003757031188050982 0 -0.0089422311438937165 0.027220449610686301 0.0043942705264610298 0.010552181839694006 -0.0098024366738005565 0.013969500968512625 0.0070732801271902214
leaf_weight=0.18154335953295087 0.45894040307030248 1.7070804527029393 0.54451774060726155 0.23659173026680935 0.54864706937223651 1.5076228353427721 0.74085697822738428 4.0405016482109204 0.18010539526585478 0.18941402516793449 0.49305246502626676 1.4100821223109958 0.17882931348867714 0.3065051632001996 0.44265526777599007 0.64579777256585658 0.27731159026734531
leaf_count=12 9 349 7 5 14 165 200 584 27 14 14 75 3 7 120 84 41
internal_value=-0.000215492 -0.0129325 0.0065064 0.0144412 0.0203363 -0.00949843 0.000559339 0.0286029 0.0323111 -0.0213342 0.0118634 0.0202985 -0.00407132 0.00250263 -0.0024431 0.0122282 0.00365537
internal_weight=14.0901 4.81001 9.28004 6.47835 5.93384 2.80169 3.10293 4.4572 4.22061 1.97435 2.36207 1.86902 1.47664 0.92799 0.621485 0.827341 0.466726
internal_count=1730 647 1083 767 760 316 298 616 611 220 98 84 144 130 123 96 55
is_linear=0
shrinkage=0.05


Tree=141
num_leaves=22
num_cat=0
split_feature=18 12 17 16 0 16 3 17 21 0 0 11 8 13 0 1 5 13 8 11 11
split_gain=0.53126 0.559449 0.452591 0.382482 0.375989 0.35414 0.314403 0.31284 0.285654 0.280405 0.323464 0.189372 0.172003 0.0946709 0.0768741 0.0740562 0.0480739 0.0645196 0.0317548 0.00241946 1.80254e-06
threshold=1.0000000180025095e-35 7.2691000000000008 0.8610500000000002 102656.00000000001 384652.00000000006 9472.0000000000018 1.5000000000000002 0.026350000000000002 0.96195000000000019 339640.00000000006 48172.000000000007 27.759550000000001 4.5276000000000005 0.43855000000000005 244824.00000000003 8.5000000000000018 7.5000000000000009 0.036400000000000009 6.3821000000000003 23.191700000000004 23.676250000000007
decision_type=2 2 2 2 2 2 2 2 2 2 2 2 2 2 2 2 2 2 2 2 2
left_child=1 3 8 5 7 6 -1 -5 11 10 13 16 -12 -7 -13 -3 17 -2 -16 -9 -21
right_child=2 15 -4 4 -6 9 -8 19 -10 -11 12 14 -14 -15 18 -17 -18 -19 -20 20 -22
leaf_value=-0.011502429631623963 0 0.028659587299750201 0.010067274118846592 -0.0068693855859531007 -0.011718310163691152 -0.0064645769587227649 0.018908994637723824 0.025717281331309433 0.0067981465936784308 0.00477555036401684 0.00031808753899219581 0.0063954575496235587 -0.0321958521901907 0.011851248424656707 -0.012151217450647973 0 0 -0.031660416588660846 0 6.3978258220232472e-05 0
leaf_weight=0.40888822358101407 0.16324475465808319 1.3973533585667608 0.79518617398571212 0.26136230689007867 0.4128945895936339 0.26168650481849987 0.99355095974169672 1.9950353375170382 0.20432230830192555 0.48978250008076418 0.10604105005040798 0.48845211381558307 2.0128338653594255 0.34368543326854706 0.42694623756688088 0.22706852620467532 0.16536014061421145 2.3002435594098642 0.17723122832830995 0.10092832962982345 0.10627103946171701
leaf_count=16 41 463 39 19 20 75 56 165 1 18 16 43 176 2 54 13 14 438 17 24 20
internal_value=-0.000410114 0.00617247 -0.0128535 -0.000114826 0.011428 -0.00895152 0.00686403 0.0190142 -0.0196125 -0.0170303 -0.0225229 -0.0232543 -0.0293853 0.00172426 0 0.0260722 -0.0288798 -0.0301424 -0.00904719 0.0248334 0
internal_weight=13.8384 9.11738 4.72099 7.49296 2.87649 4.61647 1.40244 2.4636 3.9258 3.21403 2.72425 3.72148 2.11887 0.605372 1.09263 1.62442 2.62885 2.46349 0.604177 2.20223 0.207199
internal_count=1730 1083 647 607 248 359 72 228 608 287 269 607 192 77 114 476 493 479 71 209 44
is_linear=0
shrinkage=0.05


Tree=142
num_leaves=19
num_cat=0
split_feature=17 17 8 12 12 16 8 0 2 5 9 13 0 12 2 8 0 5
split_gain=0.494245 0.571588 0.554121 0.375156 0.222723 0.210561 0.208127 0.445913 0.24282 0.238592 0.191337 0.106619 0.0923392 0.0865762 0.0621024 0.0679366 0.0504736 0.0122348
threshold=0.83260000000000012 0.38905000000000006 6.4862000000000011 6.0767500000000014 7.6860500000000007 65792.000000000015 6.1614500000000012 197632.00000000003 80.500000000000014 3.5000000000000004 1.0000000180025095e-35 1.0041500000000003 163260.00000000003 6.9949000000000003 248.50000000000003 6.5353000000000003 1040016.0000000001 4.5000000000000009
decision_type=2 2 2 2 2 2 2 2 2 2 2 2 2 2 2 2 2 2
left_child=1 2 4 -2 6 13 7 9 12 -1 14 -9 -8 -4 -3 -16 -6 -10
right_child=3 10 5 -5 16 -7 8 11 17 -11 -12 -13 -14 -15 15 -17 -18 -19
leaf_value=0.018204672752163805 -0.0085761006935190353 -0.028221014756833036 -0.0098154278487273261 0.025582119072305804 0.014438718826302047 0.026894846194756319 -0.007222842171499543 0 -0.027930299062154863 -0.0043607031798131891 0.0029335881430407515 -0.024712187815155055 0.010770117128266912 0.0078593824623239064 -0.0094828824145911997 0.0062286694265199158 0 0
leaf_weight=1.7376233338145528 0.31285778048914048 1.9485423710430039 0.38939820555970106 1.7012674873694775 0.54299870925024141 1.3433340004412455 0.28091763821430538 0.55938563751988091 1.2437584281433371 1.0007962487870825 0.14833973092026997 0.69073833676520735 0.4194921845337376 0.33693452400621027 0.34910495684016485 0.25071759545244277 0.081236034631729126 0.29837912670336653
leaf_count=163 39 331 16 123 228 186 45 60 84 196 7 37 62 57 44 22 1 29
internal_value=-0.000326202 -0.00496123 0.00123184 0.0175324 -0.00543167 0.0195114 -0.0090563 -8.07439e-05 -0.0185299 0.00965987 -0.021599 -0.0184503 0.000609401 0 -0.0248605 -1.93598e-06 0.0109709 -0.0260097
internal_weight=13.6358 11.6217 8.92499 2.01413 6.85533 2.06967 6.23109 3.98854 2.24255 2.73842 2.6967 1.25012 0.70041 0.726333 2.54836 0.599823 0.624235 1.54214
internal_count=1730 1568 1164 162 905 259 676 456 220 359 404 97 107 73 397 66 229 113
is_linear=0
shrinkage=0.05


Tree=143
num_leaves=14
num_cat=0
split_feature=18 3 19 12 2 5 5 12 17 11 11 12 13
split_gain=0.491367 0.507374 0.755108 0.417956 0.390166 0.452891 0.361435 0.199685 0.197179 0.272887 0.140525 0.120308 0.000784299
threshold=1.5000000000000002 1.5000000000000002 1.0000000180025095e-35 5.1710000000000012 117.50000000000001 1.0000000180025095e-35 5.5000000000000009 7.8758500000000007 0.8610500000000002 16.257150000000003 13.943400000000002 6.8149000000000006 0.92865000000000009
decision_type=2 2 2 2 2 2 2 2 2 2 2 2 2
left_child=1 8 3 -3 5 10 11 -4 9 -1 -5 -6 -8
right_child=-2 2 7 4 6 -7 12 -9 -10 -11 -12 -13 -14
leaf_value=-0.02803348145073134 -0.023419745973534651 -0.012921933100361535 -0.024018614862959226 0.012389827330605483 -0.016343270038040456 0.03239359169713979 0.019038322794388277 0.0030481149916870018 0.0015049979951721321 0.0019902316808979269 -0.0078718818271092551 0.0016257423330046255 0
leaf_weight=1.2629183989483856 1.0477122649317614 0.36695771059021076 1.0456336629576988 0.44806950446218063 1.240258915582672 3.6512886859709397 0.6667574916500596 0.28771512210369099 0.89958560303784896 0.52244252432137717 1.0821373907383529 0.5613530424889176 0.38834424642845988
leaf_count=131 338 4 247 34 72 616 52 2 41 7 108 38 40
internal_value=-0.000349033 0.00282386 0.00842338 0.0144243 0.0175175 0.0246256 0.000286141 -0.017232 -0.0129035 -0.0198924 0 -0.0103779 0.0171176
internal_weight=13.4712 12.4235 9.73852 8.40517 8.03821 5.1815 2.85671 1.33335 2.68495 1.78536 1.53021 1.80161 1.0551
internal_count=1730 1392 1213 964 960 758 202 249 179 138 142 110 92
is_linear=0
shrinkage=0.05


Tree=144
num_leaves=18
num_cat=0
split_feature=18 6 12 18 5 12 3 11 3 3 21 1 2 0 2 12 1
split_gain=0.480528 0.568055 0.512111 0.382262 0.30658 0.429527 0.558977 0.324753 0.248205 0.232288 0.178318 0.154573 0.133163 0.113653 0.0907671 0.0135486 0.00420632
threshold=1.0000000180025095e-35 1.0000000180025095e-35 6.8149000000000006 1.5000000000000002 1.5000000000000002 5.1710000000000012 7.5000000000000009 13.943400000000002 1.5000000000000002 6.5000000000000009 0.55630000000000013 8.5000000000000018 95.500000000000014 421632.00000000006 101.50000000000001 6.5110500000000009 1.5000000000000002
decision_type=2 2 2 2 2 2 2 2 2 2 2 2 2 2 2 2 2
left_child=2 3 4 13 7 -6 8 -1 -7 -9 11 16 -8 14 -2 -11 -4
right_child=1 -3 10 -5 5 6 12 9 -10 15 -12 -13 -14 -15 -16 -17 -18
leaf_value=0.0074004591380404192 0.021530559047372472 -0.029588481579542459 0 -0.017626831087227953 -0.01705139546026729 0 0.0039420105908456312 -0.028486812431990916 0.02990907127644837 0 -0.0018161427829478428 0 -0.018031243521064205 -6.6676919124995714e-05 0 0.0054044213085456911 0.029906225574707998
leaf_weight=0.49923087470233296 1.0398227926343695 1.601702317711897 0.09316802769899446 0.68423025438096363 0.53530131466686715 0.84830019995570261 0.17145894025452424 1.3733403719961641 1.887546388315968 0.15107570041436691 0.18826385959982861 0.35984118888154615 0.66648033144883811 0.71612797561101604 0.50212443014606822 0.23026593821123242 1.7364116024691609
leaf_count=39 55 349 2 200 7 11 3 163 121 13 3 32 121 15 28 38 530
internal_value=-0.000429879 -0.0124533 0.00594418 0.000745588 -0.00146819 0.00567929 0.0131609 -0.0137761 0.0229201 -0.0221155 0.0218228 0.0253553 -0.0111162 0.0115488 0.0168144 0.00122176 0.0293465
internal_weight=13.2847 4.54401 8.74068 2.94231 6.363 4.10909 3.57379 2.25391 2.73585 1.75468 2.37768 2.18942 0.837939 2.25808 1.54195 0.381342 1.82958
internal_count=1730 647 1083 298 516 263 256 253 132 214 567 564 124 98 83 51 532
is_linear=0
shrinkage=0.05


end of trees

feature_importances:
max_section_entropy=250
ep_section_entropy=211
num_imports=200
file_size=179
num_debug_entries=173
sum_section_entropy=172
num_import_dlls=158
overlay_size_ratio=158
entrypoint_offset_ratio=145
size_of_code=110
num_resources=103
has_tls=93
min_section_entropy=82
num_sections=75
has_digital_signature=42
ep_section_writable=26
num_exports=18

parameters:
[boosting: gbdt]
[objective: binary]
[metric: auc,binary_logloss]
[tree_learner: serial]
[device_type: cpu]
[data_sample_strategy: bagging]
[data: ]
[valid: ]
[num_iterations: 500]
[learning_rate: 0.05]
[num_leaves: 63]
[num_threads: 6]
[seed: 42]
[deterministic: 0]
[force_col_wise: 0]
[force_row_wise: 0]
[histogram_pool_size: -1]
[max_depth: 7]
[min_data_in_leaf: 20]
[min_sum_hessian_in_leaf: 0.001]
[bagging_fraction: 0.8]
[pos_bagging_fraction: 1]
[neg_bagging_fraction: 1]
[bagging_freq: 0]
[bagging_seed: 400]
[bagging_by_query: 0]
[feature_fraction: 0.8]
[feature_fraction_bynode: 1]
[feature_fraction_seed: 30056]
[extra_trees: 0]
[extra_seed: 12879]
[early_stopping_round: 0]
[early_stopping_min_delta: 0]
[first_metric_only: 0]
[max_delta_step: 0]
[lambda_l1: 0.1]
[lambda_l2: 1]
[linear_lambda: 0]
[min_gain_to_split: 0]
[drop_rate: 0.1]
[max_drop: 50]
[skip_drop: 0.5]
[xgboost_dart_mode: 0]
[uniform_drop: 0]
[drop_seed: 17869]
[top_rate: 0.2]
[other_rate: 0.1]
[min_data_per_group: 100]
[max_cat_threshold: 32]
[cat_l2: 10]
[cat_smooth: 10]
[max_cat_to_onehot: 4]
[top_k: 20]
[monotone_constraints: ]
[monotone_constraints_method: basic]
[monotone_penalty: 0]
[feature_contri: ]
[forcedsplits_filename: ]
[refit_decay_rate: 0.9]
[cegb_tradeoff: 1]
[cegb_penalty_split: 0]
[cegb_penalty_feature_lazy: ]
[cegb_penalty_feature_coupled: ]
[path_smooth: 0]
[interaction_constraints: ]
[verbosity: -1]
[saved_feature_importance_type: 0]
[use_quantized_grad: 0]
[num_grad_quant_bins: 4]
[quant_train_renew_leaf: 0]
[stochastic_rounding: 1]
[linear_tree: 0]
[max_bin: 255]
[max_bin_by_feature: ]
[min_data_in_bin: 3]
[bin_construct_sample_cnt: 200000]
[data_random_seed: 175]
[is_enable_sparse: 1]
[enable_bundle: 1]
[use_missing: 1]
[zero_as_missing: 0]
[feature_pre_filter: 1]
[pre_partition: 0]
[two_round: 0]
[header: 0]
[label_column: ]
[weight_column: ]
[group_column: ]
[ignore_column: ]
[categorical_feature: ]
[forcedbins_filename: ]
[precise_float_parser: 0]
[parser_config_file: ]
[objective_seed: 16083]
[num_class: 1]
[is_unbalance: 0]
[scale_pos_weight: 1.17064]
[sigmoid: 1]
[boost_from_average: 1]
[reg_sqrt: 0]
[alpha: 0.9]
[fair_c: 1]
[poisson_max_delta_step: 0.7]
[tweedie_variance_power: 1.5]
[lambdarank_truncation_level: 30]
[lambdarank_norm: 1]
[label_gain: ]
[lambdarank_position_bias_regularization: 0]
[eval_at: ]
[multi_error_top_k: 1]
[auc_mu_weights: ]
[num_machines: 1]
[local_listen_port: 12400]
[time_out: 120]
[machine_list_filename: ]
[machines: ]
[gpu_platform_id: -1]
[gpu_device_id: -1]
[gpu_use_dp: 0]
[num_gpu: 1]

end of parameters

pandas_categorical:null
